Property_ID,Location,Property_Type,Area_SqFt,Bedrooms,Bathrooms,Floors,Property_Age_Years,Parking_Spaces,Distance_to_City_Center_Km,Nearby_Schools,Condition_Score,Location_Rating,Furnishing_Status,Price_per_SqFt,Price_INR
HP100001,Downtown,Apartment,1371,3,3.0,2,5,1,7.2,4,6,8,Unfurnished,8902,12205000
HP100002,Northside,Apartment,1160,3,2.5,2,22,1,6.9,4,9,7,Semi-Furnished,7578,8791000
HP100003,Northside,Apartment,1242,2,1.5,1,17,2,2.9,4,6,8,Semi-Furnished,6898,8567000
HP100004,West End,Villa,2508,5,4.0,3,21,3,10.4,1,4,6,Furnished,6494,16286000
HP100005,West End,Apartment,1719,4,3.5,2,11,2,6.9,2,4,6,Semi-Furnished,6809,11704000
HP100006,South Suburbs,Townhouse,1646,2,2.0,4,10,2,12.8,6,5,6,Semi-Furnished,5925,9752000
HP100007,Downtown,Independent House,1406,4,3.5,1,20,1,10.7,2,8,7,Unfurnished,8114,11408000
HP100008,Northside,Independent House,2895,5,3.5,4,21,2,4.5,3,10,7,Unfurnished,6471,18733000
HP100009,East Beach,Villa,2268,4,3.5,2,26,2,12.0,5,4,8,Furnished,7485,16976000
HP100010,Downtown,Townhouse,1153,2,2.5,2,14,1,0.5,4,6,8,Unfurnished,8929,10295000
HP100011,West End,Apartment,1400,4,3.5,2,11,1,14.7,7,7,6,Furnished,8661,12126000
HP100012,South Suburbs,Apartment,1432,2,1.5,4,0,2,1.6,5,9,5,Semi-Furnished,7041,10083000
HP100013,Northside,Apartment,1630,3,2.0,3,0,2,9.0,3,6,5,Unfurnished,6008,9793000
HP100014,Northside,Townhouse,1164,2,1.5,1,8,0,8.7,7,8,7,Unfurnished,8653,10072000
HP100015,Northside,Villa,1791,4,3.0,4,2,2,11.5,7,7,7,Unfurnished,8141,14580000
HP100016,Northside,Independent House,2349,4,3.0,1,19,2,5.7,2,10,6,Furnished,6401,15035000
HP100017,West End,Apartment,828,2,2.0,2,0,1,0.5,6,7,7,Semi-Furnished,10378,8593000
HP100018,Downtown,Townhouse,930,1,1.0,3,7,1,5.7,3,8,6,Semi-Furnished,9489,8825000
HP100019,South Suburbs,Villa,1284,3,2.0,3,8,2,6.1,3,7,5,Semi-Furnished,6706,8611000
HP100020,West End,Villa,1310,3,2.5,2,23,1,0.5,9,6,6,Semi-Furnished,8640,11318000
HP100021,West End,Townhouse,2649,6,4.0,4,7,2,7.2,5,8,6,Furnished,7393,19585000
HP100022,East Beach,Apartment,2101,5,4.0,4,16,2,2.7,5,5,6,Furnished,7954,16712000
HP100023,Downtown,Apartment,2069,4,3.0,4,14,2,9.6,5,4,7,Semi-Furnished,7667,15864000
HP100024,South Suburbs,Villa,1405,3,2.0,2,20,1,6.0,7,7,5,Furnished,7577,10645000
HP100025,Northside,Apartment,1393,2,1.5,4,20,2,14.8,3,8,6,Furnished,5849,8148000
HP100026,Northside,Apartment,752,2,2.0,1,12,1,6.0,4,6,7,Semi-Furnished,10612,7980000
HP100027,West End,Apartment,1980,3,2.0,4,0,2,8.7,6,7,8,Semi-Furnished,7005,13870000
HP100028,South Suburbs,Apartment,1820,3,2.5,3,10,2,6.1,2,5,6,Unfurnished,5419,9863000
HP100029,West End,Townhouse,2257,4,3.5,3,12,3,0.5,7,9,6,Furnished,7398,16698000
HP100030,West End,Villa,1434,4,3.0,1,15,2,6.2,1,8,8,Furnished,8766,12571000
HP100031,West End,Apartment,1472,3,1.5,4,5,2,10.0,4,7,5,Unfurnished,6989,10288000
HP100032,East Beach,Apartment,1644,4,2.5,2,22,2,9.4,1,7,6,Furnished,7519,12362000
HP100033,Downtown,Apartment,2041,3,2.0,3,12,2,5.8,3,5,7,Furnished,7785,15890000
HP100034,West End,Independent House,741,2,1.0,1,4,0,1.2,8,5,7,Unfurnished,10092,7478000
HP100035,South Suburbs,Townhouse,1955,3,2.0,4,8,2,9.6,7,7,5,Semi-Furnished,6051,11830000
HP100036,Downtown,Townhouse,1539,3,3.0,2,29,2,8.7,8,8,7,Furnished,8247,12692000
HP100037,South Suburbs,Apartment,968,2,1.0,4,18,1,10.4,2,8,5,Furnished,7100,6873000
HP100038,South Suburbs,Apartment,550,1,1.0,4,21,0,5.9,3,6,4,Unfurnished,6958,3827000
HP100039,East Beach,Villa,1475,3,3.5,3,3,1,0.5,6,8,7,Semi-Furnished,9844,14520000
HP100040,Northside,Villa,2346,4,3.5,1,6,1,9.1,7,9,7,Semi-Furnished,6857,16087000
HP100041,Downtown,Villa,2471,5,3.5,2,6,3,7.0,3,7,8,Unfurnished,8529,21075000
HP100042,Northside,Independent House,1745,4,3.0,3,14,2,12.6,4,7,7,Semi-Furnished,6813,11888000
HP100043,Northside,Villa,2629,5,4.0,3,10,2,7.1,3,7,5,Unfurnished,6422,16883000
HP100044,East Beach,Apartment,1526,2,2.5,3,8,1,6.8,9,7,8,Unfurnished,8102,12363000
HP100045,Downtown,Apartment,2074,4,3.0,1,9,3,8.7,4,7,8,Semi-Furnished,9071,18814000
HP100046,South Suburbs,Apartment,1302,2,1.5,3,5,2,4.6,5,10,6,Semi-Furnished,6711,8738000
HP100047,West End,Apartment,1267,2,1.0,1,10,1,4.4,5,8,7,Semi-Furnished,6455,8179000
HP100048,South Suburbs,Apartment,1177,3,2.5,2,22,2,6.6,7,8,6,Furnished,7008,8249000
HP100049,Northside,Independent House,550,1,1.0,1,0,0,3.3,3,6,6,Semi-Furnished,9718,5345000
HP100050,Northside,Apartment,2258,4,3.0,3,15,2,6.1,8,6,5,Unfurnished,5808,13115000
HP100051,Northside,Apartment,1197,2,1.5,3,24,1,14.8,2,8,7,Unfurnished,5388,6449000
HP100052,Downtown,Villa,1109,3,3.0,4,10,1,11.2,8,9,8,Unfurnished,10466,11607000
HP100053,East Beach,Independent House,901,2,1.5,2,7,0,8.2,1,10,7,Semi-Furnished,9743,8778000
HP100054,West End,Apartment,1438,2,2.0,1,20,2,13.2,5,3,7,Unfurnished,6579,9461000
HP100055,West End,Independent House,2520,4,2.5,1,3,2,3.7,9,10,7,Unfurnished,7325,18458000
HP100056,Downtown,Townhouse,2702,5,4.0,4,12,3,17.0,7,8,8,Unfurnished,8077,21824000
HP100057,West End,Villa,637,1,1.0,4,3,1,5.2,6,8,6,Semi-Furnished,12451,7931000
HP100058,Downtown,Independent House,1355,2,1.5,1,0,2,15.0,3,4,7,Semi-Furnished,9143,12389000
HP100059,Northside,Apartment,981,2,2.5,3,11,0,15.0,3,7,5,Furnished,7009,6876000
HP100060,Northside,Townhouse,2094,4,3.5,2,1,2,0.5,8,8,6,Furnished,8019,16791000
HP100061,South Suburbs,Apartment,1708,3,2.5,2,12,2,12.9,6,5,6,Semi-Furnished,5950,10163000
HP100062,Northside,Townhouse,1200,2,3.0,3,22,1,5.9,7,3,6,Unfurnished,6229,7475000
HP100063,East Beach,Villa,1590,3,2.0,4,29,2,4.7,5,8,8,Semi-Furnished,8710,13849000
HP100064,South Suburbs,Apartment,1287,3,3.0,1,13,1,9.1,4,7,5,Unfurnished,6343,8163000
HP100065,West End,Apartment,2438,5,3.0,4,21,2,3.0,7,9,6,Semi-Furnished,6738,16427000
HP100066,East Beach,Independent House,1851,2,1.5,1,16,3,9.0,6,7,7,Semi-Furnished,7738,14323000
HP100067,South Suburbs,Villa,1918,4,2.5,3,9,2,3.2,5,7,6,Semi-Furnished,7120,13657000
HP100068,East Beach,Apartment,550,1,1.0,1,0,0,7.7,2,8,7,Unfurnished,8938,4916000
HP100069,Downtown,Independent House,1513,3,2.5,1,27,2,12.3,7,9,8,Semi-Furnished,8691,13149000
HP100070,West End,Townhouse,2696,5,3.5,1,3,3,8.5,6,6,6,Furnished,7144,19259000
HP100071,Northside,Villa,2279,5,4.5,4,24,3,5.6,4,8,6,Furnished,7118,16222000
HP100072,Downtown,Villa,550,1,1.0,3,17,1,9.2,8,6,8,Semi-Furnished,11996,6598000
HP100073,West End,Apartment,1378,4,3.0,3,3,1,1.4,6,7,7,Semi-Furnished,7624,10506000
HP100074,Downtown,Independent House,889,2,2.0,1,15,1,3.6,6,8,9,Unfurnished,12685,11277000
HP100075,Northside,Apartment,2491,5,3.0,4,31,3,5.3,7,8,6,Semi-Furnished,5996,14936000
HP100076,West End,Townhouse,1684,3,2.0,4,26,2,10.1,6,7,7,Semi-Furnished,7523,12668000
HP100077,East Beach,Apartment,1128,1,1.0,2,7,2,8.6,6,5,8,Unfurnished,8644,9750000
HP100078,East Beach,Villa,1569,3,2.5,4,6,1,9.1,5,4,8,Semi-Furnished,8293,13012000
HP100079,West End,Apartment,550,1,1.5,1,13,1,6.9,9,7,6,Furnished,8289,4559000
HP100080,Northside,Apartment,953,2,1.5,2,11,0,3.8,3,8,6,Semi-Furnished,7647,7288000
HP100081,South Suburbs,Independent House,1570,3,2.5,1,23,1,13.0,7,8,6,Semi-Furnished,6300,9891000
HP100082,West End,Villa,2015,4,2.5,1,19,2,4.2,5,7,6,Semi-Furnished,7477,15067000
HP100083,Downtown,Villa,550,2,2.0,4,0,0,8.7,6,7,8,Semi-Furnished,14565,8011000
HP100084,South Suburbs,Townhouse,1340,3,2.5,2,16,1,6.6,8,7,7,Semi-Furnished,7330,9822000
HP100085,Northside,Townhouse,2105,6,4.5,3,10,2,9.3,4,6,5,Unfurnished,6810,14334000
HP100086,Northside,Townhouse,752,2,1.5,4,12,1,4.6,6,8,7,Semi-Furnished,11128,8368000
HP100087,Downtown,Apartment,1676,2,2.0,4,14,2,11.2,6,8,8,Semi-Furnished,8010,13425000
HP100088,East Beach,Villa,1586,3,2.0,2,23,2,12.5,4,6,8,Unfurnished,8107,12857000
HP100089,Northside,Townhouse,2493,5,3.5,2,21,3,11.0,8,8,6,Furnished,6565,16366000
HP100090,South Suburbs,Apartment,1423,3,2.5,1,5,1,7.6,7,4,6,Unfurnished,6720,9562000
HP100091,West End,Apartment,1456,2,1.0,4,11,2,5.3,4,7,6,Semi-Furnished,6744,9819000
HP100092,South Suburbs,Independent House,2020,4,3.0,4,8,2,18.3,7,7,5,Semi-Furnished,5087,10275000
HP100093,South Suburbs,Villa,821,1,1.0,3,0,2,3.0,3,9,5,Semi-Furnished,9805,8050000
HP100094,East Beach,Villa,1429,2,2.0,2,11,2,10.5,5,7,8,Semi-Furnished,8772,12535000
HP100095,South Suburbs,Townhouse,1299,3,2.0,4,29,1,8.3,4,8,5,Furnished,5823,7564000
HP100096,East Beach,Villa,1474,3,2.0,2,0,1,6.7,7,6,8,Semi-Furnished,8767,12923000
HP100097,East Beach,Apartment,2017,5,4.0,2,12,2,7.7,4,4,7,Semi-Furnished,7469,15065000
HP100098,Northside,Apartment,1855,3,2.0,4,11,2,5.0,7,7,6,Semi-Furnished,6548,12146000
HP100099,Northside,Apartment,1138,3,2.0,2,15,2,8.7,6,7,7,Unfurnished,7681,8741000
HP100100,Downtown,Apartment,1625,2,1.5,4,3,1,8.3,4,7,9,Unfurnished,7404,12031000
HP100101,South Suburbs,Independent House,2370,4,3.0,1,0,3,17.7,9,7,5,Semi-Furnished,5580,13224000
HP100102,Downtown,Independent House,1093,1,1.0,2,0,0,11.3,3,6,10,Unfurnished,10349,11312000
HP100103,South Suburbs,Apartment,1630,3,2.0,2,24,2,9.1,2,7,5,Semi-Furnished,5368,8750000
HP100104,Downtown,Apartment,1444,4,2.5,2,3,2,9.3,7,5,8,Semi-Furnished,9265,13379000
HP100105,Northside,Townhouse,1515,3,2.5,4,8,1,14.4,1,4,5,Semi-Furnished,5712,8653000
HP100106,Northside,Apartment,653,1,1.0,2,31,0,3.1,8,7,6,Unfurnished,7240,4728000
HP100107,Northside,Villa,2326,4,2.5,4,5,2,6.3,5,6,7,Furnished,6876,15993000
HP100108,Northside,Villa,1124,3,2.5,1,15,2,0.5,2,9,6,Semi-Furnished,8936,10044000
HP100109,West End,Independent House,2114,4,3.5,2,22,2,9.2,3,4,6,Semi-Furnished,6143,12986000
HP100110,Northside,Apartment,1208,2,2.0,2,21,0,10.4,1,7,7,Unfurnished,5719,6908000
HP100111,East Beach,Independent House,1206,1,1.0,3,0,0,3.0,6,10,8,Semi-Furnished,10956,13213000
HP100112,Northside,Apartment,2217,4,3.5,1,6,2,12.7,2,7,7,Unfurnished,6146,13626000
HP100113,West End,Villa,2097,5,5.0,2,15,2,4.1,6,7,6,Semi-Furnished,8047,16875000
HP100114,West End,Apartment,1665,3,2.5,3,29,2,5.6,4,8,6,Semi-Furnished,6635,11048000
HP100115,West End,Villa,1969,3,2.0,2,5,2,7.5,4,8,6,Furnished,7547,14861000
HP100116,West End,Villa,1391,3,1.5,4,8,1,13.4,6,6,7,Semi-Furnished,7815,10870000
HP100117,Downtown,Apartment,1545,3,3.0,2,16,2,3.6,6,5,8,Semi-Furnished,9175,14176000
HP100118,Downtown,Apartment,1186,3,3.0,4,18,1,8.2,8,8,8,Unfurnished,9569,11349000
HP100119,East Beach,Apartment,2047,5,3.5,1,18,3,10.1,4,4,7,Semi-Furnished,7164,14665000
HP100120,Downtown,Apartment,1169,2,1.5,4,4,2,9.3,5,8,8,Semi-Furnished,9397,10985000
HP100121,West End,Apartment,2367,4,3.0,2,7,2,9.4,4,6,7,Semi-Furnished,6943,16434000
HP100122,Northside,Townhouse,1376,4,3.5,1,14,1,10.0,5,7,6,Unfurnished,6135,8442000
HP100123,Northside,Apartment,1561,3,2.0,3,23,1,4.8,3,6,6,Unfurnished,6183,9651000
HP100124,West End,Independent House,1967,4,2.0,1,10,2,13.8,4,9,6,Unfurnished,7295,14350000
HP100125,South Suburbs,Townhouse,1563,4,4.0,1,12,1,6.6,4,7,6,Furnished,6859,10721000
HP100126,West End,Apartment,1386,3,2.5,3,3,2,6.0,6,7,7,Semi-Furnished,8370,11601000
HP100127,Downtown,Independent House,1533,4,3.5,4,29,1,12.4,5,6,8,Unfurnished,8588,13165000
HP100128,Northside,Townhouse,2042,3,2.5,2,13,2,4.5,6,7,5,Furnished,6205,12671000
HP100129,West End,Independent House,1185,2,2.0,3,22,1,8.3,5,10,6,Unfurnished,8441,10002000
HP100130,Northside,Apartment,1481,2,1.0,1,12,1,4.1,4,5,6,Semi-Furnished,6429,9522000
HP100131,West End,Apartment,1556,3,2.0,1,13,3,17.1,5,9,6,Semi-Furnished,7084,11023000
HP100132,West End,Apartment,2026,4,3.0,4,0,2,16.2,3,8,6,Furnished,7162,14510000
HP100133,Downtown,Villa,1495,3,1.5,1,0,1,6.6,6,9,9,Semi-Furnished,10512,15715000
HP100134,West End,Townhouse,2545,5,3.5,2,23,2,9.1,4,8,7,Semi-Furnished,7259,18474000
HP100135,Northside,Townhouse,1464,3,2.0,3,13,1,7.0,5,7,6,Furnished,7626,11165000
HP100136,East Beach,Apartment,1419,2,1.5,1,14,1,5.6,5,9,8,Unfurnished,8478,12030000
HP100137,Northside,Independent House,1456,3,2.0,4,1,1,7.5,9,7,6,Furnished,8288,12068000
HP100138,Downtown,Apartment,826,3,2.0,3,4,1,6.8,6,8,8,Furnished,13737,11347000
HP100139,East Beach,Townhouse,980,2,1.0,2,22,1,0.9,5,9,8,Furnished,9183,8999000
HP100140,West End,Apartment,1258,3,2.5,4,28,2,8.1,3,7,6,Unfurnished,6009,7559000
HP100141,South Suburbs,Townhouse,2175,4,3.0,3,6,2,6.8,7,6,5,Unfurnished,6010,13071000
HP100142,East Beach,Independent House,1532,3,2.0,3,18,2,8.2,4,6,7,Semi-Furnished,8433,12919000
HP100143,East Beach,Apartment,1283,1,1.0,1,14,1,6.7,2,8,7,Semi-Furnished,6385,8192000
HP100144,West End,Apartment,2225,3,2.5,1,11,2,5.6,5,6,6,Semi-Furnished,6499,14461000
HP100145,South Suburbs,Independent House,2403,4,3.0,1,29,2,10.5,5,6,5,Furnished,5369,12902000
HP100146,South Suburbs,Apartment,2240,3,1.5,3,8,1,9.1,3,6,5,Semi-Furnished,5397,12089000
HP100147,Downtown,Villa,1081,3,2.5,4,23,1,12.6,5,8,8,Semi-Furnished,10413,11256000
HP100148,East Beach,Townhouse,1278,3,2.0,4,15,2,9.0,5,6,7,Semi-Furnished,7718,9864000
HP100149,South Suburbs,Villa,2548,5,4.0,3,12,2,6.2,5,5,5,Unfurnished,5597,14262000
HP100150,Downtown,Apartment,1683,2,1.5,1,24,2,9.5,8,5,9,Unfurnished,7242,12188000
HP100151,South Suburbs,Apartment,1403,2,1.5,3,15,1,0.5,2,6,4,Unfurnished,5877,8246000
HP100152,East Beach,Apartment,1945,4,3.5,3,11,3,15.4,9,6,7,Furnished,8013,15586000
HP100153,South Suburbs,Townhouse,2104,5,4.0,3,24,2,8.1,5,7,5,Semi-Furnished,5749,12096000
HP100154,East Beach,Apartment,1236,2,2.0,3,23,1,15.7,6,7,7,Semi-Furnished,7530,9307000
HP100155,West End,Apartment,1671,4,3.0,3,23,2,3.5,5,8,7,Semi-Furnished,7041,11765000
HP100156,Northside,Apartment,2060,4,3.5,3,0,2,2.5,1,8,6,Semi-Furnished,7587,15629000
HP100157,Downtown,Townhouse,912,2,1.0,2,16,1,8.5,3,8,9,Furnished,11093,10117000
HP100158,West End,Apartment,1557,4,3.0,1,14,2,8.5,4,4,7,Furnished,7782,12117000
HP100159,West End,Townhouse,937,2,1.5,1,12,1,8.4,7,5,6,Semi-Furnished,9418,8825000
HP100160,Northside,Independent House,1009,1,1.5,4,17,1,7.7,2,8,7,Furnished,8880,8960000
HP100161,South Suburbs,Independent House,1240,3,2.0,2,14,2,4.5,3,7,4,Semi-Furnished,7154,8871000
HP100162,Northside,Townhouse,1812,4,3.0,2,18,2,1.1,5,8,6,Semi-Furnished,7094,12854000
HP100163,West End,Independent House,1373,3,2.5,2,10,1,8.1,6,5,7,Furnished,8934,12267000
HP100164,West End,Townhouse,1193,2,2.0,1,25,2,1.9,6,6,8,Semi-Furnished,8164,9740000
HP100165,West End,Apartment,1578,4,3.0,4,19,2,1.5,3,7,5,Semi-Furnished,7013,11066000
HP100166,South Suburbs,Independent House,919,2,2.0,1,17,1,5.5,1,7,5,Semi-Furnished,9023,8292000
HP100167,East Beach,Villa,1786,4,2.5,1,16,2,8.7,6,7,7,Semi-Furnished,8077,14425000
HP100168,Downtown,Villa,2172,4,2.5,2,22,1,15.0,8,8,7,Semi-Furnished,7479,16245000
HP100169,East Beach,Townhouse,1506,3,1.5,2,21,1,10.9,4,7,7,Semi-Furnished,8131,12246000
HP100170,Downtown,Townhouse,1439,3,3.0,1,11,2,12.7,2,9,9,Semi-Furnished,9067,13048000
HP100171,Downtown,Independent House,1755,3,2.5,2,21,1,9.6,4,10,9,Unfurnished,8733,15327000
HP100172,Downtown,Villa,550,2,2.0,4,14,1,8.5,6,5,8,Furnished,16867,9277000
HP100173,Northside,Villa,1845,3,2.0,2,29,1,17.0,4,7,6,Semi-Furnished,5542,10225000
HP100174,Northside,Apartment,3256,5,3.5,4,22,3,1.7,8,8,6,Furnished,5975,19456000
HP100175,Northside,Apartment,1483,2,1.5,2,6,2,5.3,7,8,6,Unfurnished,7651,11346000
HP100176,West End,Apartment,1484,2,2.5,1,33,1,5.7,5,6,7,Semi-Furnished,6729,9986000
HP100177,Northside,Apartment,1959,4,4.0,1,0,2,10.6,1,7,6,Semi-Furnished,6719,13162000
HP100178,Downtown,Apartment,2455,4,3.5,4,18,2,3.1,3,5,9,Furnished,8448,20739000
HP100179,South Suburbs,Independent House,2086,4,3.0,2,6,2,10.1,4,7,4,Unfurnished,5938,12386000
HP100180,West End,Apartment,550,1,1.5,4,29,0,9.3,3,5,7,Furnished,8540,4697000
HP100181,South Suburbs,Townhouse,1860,4,3.0,4,14,1,10.3,5,8,6,Semi-Furnished,6856,12752000
HP100182,Downtown,Villa,2965,6,4.5,1,5,3,10.2,5,5,9,Semi-Furnished,8436,25014000
HP100183,West End,Apartment,1892,4,3.0,2,10,3,13.2,1,7,6,Semi-Furnished,7340,13887000
HP100184,Northside,Apartment,915,1,1.0,3,6,0,6.8,7,7,6,Unfurnished,6897,6311000
HP100185,West End,Apartment,1705,3,2.5,1,9,1,9.1,5,7,7,Semi-Furnished,7619,12991000
HP100186,West End,Townhouse,846,2,1.0,4,9,1,4.1,6,6,7,Unfurnished,9530,8062000
HP100187,Downtown,Apartment,2228,5,4.5,1,5,2,3.1,7,7,8,Semi-Furnished,8435,18794000
HP100188,East Beach,Villa,1024,3,2.5,4,14,1,14.1,3,9,9,Semi-Furnished,10797,11056000
HP100189,East Beach,Townhouse,1591,2,2.5,4,16,2,3.8,8,6,7,Semi-Furnished,8210,13062000
HP100190,East Beach,Townhouse,1078,2,1.0,3,3,1,9.6,5,7,7,Unfurnished,10204,11000000
HP100191,Northside,Apartment,1249,1,2.0,4,0,1,9.1,8,6,5,Unfurnished,7023,8772000
HP100192,Northside,Apartment,2367,6,4.0,4,15,3,11.7,3,9,6,Unfurnished,6218,14718000
HP100193,Northside,Apartment,1607,4,2.5,3,17,1,0.5,8,7,6,Unfurnished,6588,10587000
HP100194,East Beach,Apartment,1242,3,2.0,3,19,2,10.6,3,6,10,Semi-Furnished,8580,10656000
HP100195,South Suburbs,Apartment,920,2,2.5,2,17,2,6.8,10,7,6,Unfurnished,6773,6231000
HP100196,Downtown,Villa,550,2,2.0,2,26,1,4.6,3,7,8,Furnished,13409,7375000
HP100197,East Beach,Townhouse,862,2,1.5,4,21,0,6.0,7,9,8,Unfurnished,9767,8419000
HP100198,Downtown,Villa,1612,4,2.5,1,36,2,11.1,4,7,8,Unfurnished,8143,13127000
HP100199,East Beach,Villa,2089,4,2.5,2,40,2,9.9,7,5,8,Furnished,7640,15959000
HP100200,South Suburbs,Apartment,1242,2,2.0,3,0,1,6.5,5,8,5,Unfurnished,6488,8058000
HP100201,East Beach,Independent House,2414,5,4.0,2,0,2,2.4,3,10,6,Semi-Furnished,7635,18432000
HP100202,South Suburbs,Villa,1155,3,3.0,2,12,2,2.7,1,9,5,Furnished,7803,9013000
HP100203,West End,Townhouse,1419,3,2.5,3,17,2,10.0,10,5,7,Furnished,7951,11282000
HP100204,Northside,Townhouse,956,2,1.0,2,11,2,1.9,5,7,7,Semi-Furnished,8630,8250000
HP100205,West End,Apartment,2095,5,3.0,4,18,2,6.5,1,7,7,Unfurnished,6362,13328000
HP100206,East Beach,Apartment,2704,6,4.5,1,10,2,17.7,6,7,7,Semi-Furnished,7737,20921000
HP100207,Northside,Apartment,581,1,1.0,2,6,1,8.8,7,8,6,Furnished,11725,6812000
HP100208,South Suburbs,Apartment,1360,2,1.5,4,7,2,10.0,3,6,5,Furnished,6207,8441000
HP100209,East Beach,Townhouse,2246,5,3.5,2,10,2,2.8,3,6,7,Unfurnished,7836,17599000
HP100210,Northside,Apartment,754,2,2.0,3,20,1,2.1,5,8,5,Semi-Furnished,8459,6378000
HP100211,East Beach,Independent House,1862,3,2.5,3,8,2,10.2,8,5,7,Semi-Furnished,7540,14040000
HP100212,Northside,Villa,2222,5,4.0,2,9,2,5.9,5,6,6,Unfurnished,7275,16164000
HP100213,Northside,Apartment,1593,3,2.0,3,17,2,11.7,8,5,6,Semi-Furnished,6665,10618000
HP100214,West End,Apartment,1853,4,3.0,1,10,2,7.6,7,8,7,Unfurnished,6663,12347000
HP100215,Northside,Independent House,2518,6,4.0,3,22,3,21.2,4,7,6,Semi-Furnished,6241,15715000
HP100216,East Beach,Independent House,2622,5,3.5,1,4,3,5.1,2,8,7,Unfurnished,7853,20590000
HP100217,Downtown,Apartment,1516,3,1.5,3,2,2,8.6,5,6,8,Semi-Furnished,8671,13145000
HP100218,Downtown,Apartment,1257,2,1.0,1,15,2,3.8,6,5,8,Unfurnished,9565,12023000
HP100219,West End,Independent House,1044,2,1.5,4,16,1,11.5,5,6,8,Semi-Furnished,9709,10136000
HP100220,South Suburbs,Apartment,2087,3,3.5,3,4,2,9.2,6,7,5,Unfurnished,5644,11778000
HP100221,Downtown,Townhouse,796,2,1.0,1,24,1,3.6,7,7,7,Furnished,10577,8419000
HP100222,West End,Apartment,1411,3,2.0,1,29,1,6.1,6,4,6,Unfurnished,6113,8626000
HP100223,Northside,Apartment,1606,3,2.5,1,6,1,12.9,4,8,5,Semi-Furnished,6346,10192000
HP100224,East Beach,Villa,1273,2,2.5,4,25,1,12.4,6,6,7,Unfurnished,7617,9696000
HP100225,Northside,Villa,1704,4,3.0,3,0,2,1.7,10,6,6,Unfurnished,8328,14191000
HP100226,East Beach,Villa,2960,5,4.0,2,22,3,5.5,2,9,7,Unfurnished,7786,23047000
HP100227,South Suburbs,Apartment,1483,3,2.0,2,4,2,14.7,6,4,5,Unfurnished,6448,9563000
HP100228,West End,Townhouse,1311,3,2.0,1,21,1,6.7,9,7,7,Unfurnished,8199,10749000
HP100229,West End,Villa,2108,3,2.5,1,3,2,8.1,2,7,6,Semi-Furnished,6501,13705000
HP100230,Downtown,Villa,1682,4,3.0,4,11,2,11.5,7,6,9,Semi-Furnished,8666,14577000
HP100231,West End,Apartment,2342,3,2.5,3,5,2,2.1,7,6,5,Unfurnished,6786,15893000
HP100232,South Suburbs,Apartment,1641,3,1.5,2,10,2,3.6,2,9,5,Semi-Furnished,6911,11341000
HP100233,Downtown,Villa,1413,2,2.0,1,28,1,6.1,7,10,7,Semi-Furnished,9310,13155000
HP100234,Northside,Apartment,569,2,1.5,2,11,0,12.2,4,9,6,Unfurnished,9193,5231000
HP100235,West End,Independent House,659,1,1.0,2,31,1,11.5,5,10,6,Semi-Furnished,10434,6876000
HP100236,Northside,Apartment,550,1,1.0,1,9,0,10.3,4,6,7,Unfurnished,9673,5320000
HP100237,Northside,Townhouse,1759,3,2.0,3,25,3,6.8,8,5,5,Unfurnished,6543,11510000
HP100238,West End,Villa,801,1,1.5,3,0,1,11.9,5,7,7,Semi-Furnished,9111,7298000
HP100239,East Beach,Townhouse,2241,3,2.5,4,9,3,6.8,4,8,8,Furnished,7998,17924000
HP100240,Northside,Villa,1567,3,2.5,2,7,1,9.7,4,4,6,Furnished,8080,12662000
HP100241,Downtown,Apartment,1416,1,1.0,2,26,2,11.0,4,6,8,Furnished,7819,11072000
HP100242,West End,Independent House,1086,1,1.0,4,14,1,14.2,3,6,8,Semi-Furnished,8274,8986000
HP100243,Downtown,Independent House,1892,3,2.0,2,0,2,7.2,4,8,10,Unfurnished,9045,17113000
HP100244,Northside,Independent House,1108,3,2.5,3,0,1,5.9,5,7,6,Semi-Furnished,9244,10242000
HP100245,Northside,Apartment,1008,3,2.5,3,3,2,12.6,6,6,6,Unfurnished,9062,9134000
HP100246,Downtown,Independent House,2204,5,4.0,4,20,1,12.9,8,7,8,Unfurnished,7951,17523000
HP100247,Northside,Townhouse,1745,3,2.0,2,19,2,5.2,6,5,5,Unfurnished,5918,10327000
HP100248,West End,Independent House,1421,1,1.0,3,9,1,3.0,4,6,7,Semi-Furnished,7339,10429000
HP100249,Northside,Apartment,1903,4,3.5,1,7,1,12.3,3,5,6,Semi-Furnished,6333,12051000
HP100250,Downtown,Independent House,1555,4,3.0,4,18,3,0.8,6,7,7,Unfurnished,8696,13523000
HP100251,Downtown,Independent House,1761,4,3.0,1,2,3,0.6,5,6,8,Semi-Furnished,9856,17356000
HP100252,West End,Townhouse,1101,2,2.5,3,16,0,6.3,5,8,7,Semi-Furnished,8350,9193000
HP100253,Downtown,Apartment,2689,4,2.5,1,15,3,7.4,6,7,8,Furnished,7894,21228000
HP100254,East Beach,Apartment,1231,2,2.0,2,10,2,2.8,6,7,7,Unfurnished,7549,9293000
HP100255,Northside,Independent House,2406,6,4.0,1,16,3,7.9,6,10,6,Semi-Furnished,7286,17529000
HP100256,Downtown,Villa,1446,2,2.0,3,13,2,8.1,5,8,9,Unfurnished,10011,14476000
HP100257,Northside,Independent House,1994,3,2.5,2,16,3,5.1,3,6,6,Semi-Furnished,6716,13391000
HP100258,Downtown,Villa,1954,4,3.0,3,0,2,15.1,4,6,9,Unfurnished,8834,17262000
HP100259,Downtown,Apartment,2181,4,2.5,2,18,3,8.7,7,5,8,Unfurnished,7917,17266000
HP100260,West End,Independent House,1088,1,1.0,1,21,2,11.5,4,7,6,Semi-Furnished,8203,8925000
HP100261,Northside,Apartment,2142,5,3.5,3,15,2,1.2,2,7,6,Unfurnished,6644,14231000
HP100262,Downtown,Apartment,2566,5,4.0,3,17,2,1.1,8,4,7,Unfurnished,7783,19971000
HP100263,East Beach,Villa,1408,2,1.0,3,11,2,8.8,3,5,8,Furnished,9472,13337000
HP100264,South Suburbs,Independent House,1569,2,1.5,2,20,1,14.4,5,6,6,Unfurnished,5835,9155000
HP100265,South Suburbs,Townhouse,1262,4,2.5,3,13,1,3.0,6,5,5,Semi-Furnished,6852,8647000
HP100266,West End,Apartment,1359,3,2.5,3,2,1,7.6,5,7,7,Semi-Furnished,8756,11900000
HP100267,West End,Apartment,2491,6,4.0,1,19,3,2.1,1,7,7,Unfurnished,6771,16867000
HP100268,East Beach,Townhouse,998,3,2.5,1,0,1,4.1,6,7,7,Semi-Furnished,10939,10917000
HP100269,Northside,Apartment,1032,2,1.5,2,15,0,7.8,8,8,5,Unfurnished,7131,7359000
HP100270,West End,Apartment,2436,4,2.5,1,9,3,5.0,7,6,7,Semi-Furnished,7035,17137000
HP100271,East Beach,Apartment,1894,5,3.5,3,8,2,1.8,1,7,8,Unfurnished,8844,16751000
HP100272,Downtown,Villa,2716,6,4.0,1,14,3,1.7,10,5,9,Unfurnished,8478,23025000
HP100273,Downtown,Townhouse,1302,1,1.0,1,6,1,0.5,2,7,8,Semi-Furnished,9985,13000000
HP100274,South Suburbs,Independent House,1619,3,3.0,1,17,2,8.9,3,7,5,Furnished,6598,10682000
HP100275,West End,Independent House,1187,2,1.5,2,13,2,9.4,7,5,6,Furnished,8978,10657000
HP100276,West End,Apartment,1629,2,1.0,1,6,2,9.4,6,7,6,Furnished,7200,11729000
HP100277,West End,Apartment,574,1,1.0,3,24,1,3.4,5,7,7,Semi-Furnished,8983,5156000
HP100278,Northside,Villa,1927,3,3.0,1,14,2,11.0,4,7,7,Semi-Furnished,7568,14583000
HP100279,Downtown,Apartment,1728,3,2.0,4,18,2,9.8,8,7,10,Semi-Furnished,8229,14219000
HP100280,Downtown,Apartment,1518,2,2.5,3,25,3,7.0,5,6,8,Furnished,7993,12134000
HP100281,East Beach,Apartment,1335,2,1.5,1,25,1,6.4,2,8,8,Semi-Furnished,7078,9449000
HP100282,West End,Apartment,1058,2,2.0,2,17,1,4.4,8,8,7,Semi-Furnished,9283,9821000
HP100283,Northside,Villa,1950,3,3.0,1,9,2,7.8,5,6,6,Semi-Furnished,7451,14530000
HP100284,West End,Independent House,906,3,2.5,4,0,1,13.5,7,5,6,Semi-Furnished,10191,9233000
HP100285,West End,Apartment,1832,4,2.5,3,14,2,11.6,6,6,7,Unfurnished,6481,11873000
HP100286,South Suburbs,Villa,2691,6,4.0,4,22,2,6.0,10,5,7,Semi-Furnished,6095,16402000
HP100287,Downtown,Independent House,2367,4,3.5,2,15,2,9.2,4,7,8,Semi-Furnished,7980,18889000
HP100288,West End,Independent House,722,1,1.0,1,0,1,2.6,5,9,6,Furnished,11111,8022000
HP100289,West End,Independent House,1255,4,3.5,1,20,1,9.9,7,9,6,Semi-Furnished,8537,10714000
HP100290,West End,Apartment,1782,3,2.0,2,20,2,3.7,4,5,6,Furnished,6909,12311000
HP100291,South Suburbs,Independent House,1511,3,2.5,4,9,2,9.8,7,8,5,Semi-Furnished,6758,10212000
HP100292,East Beach,Apartment,780,2,1.0,2,21,1,18.9,1,7,8,Furnished,8828,6886000
HP100293,South Suburbs,Apartment,1762,3,2.0,4,18,2,4.7,5,3,5,Unfurnished,4575,8062000
HP100294,East Beach,Apartment,1544,3,2.0,2,6,2,18.7,5,7,5,Furnished,8369,12922000
HP100295,West End,Villa,2603,5,4.0,1,23,3,9.0,5,6,7,Semi-Furnished,6777,17641000
HP100296,West End,Apartment,1411,4,3.0,2,1,2,4.0,3,9,6,Unfurnished,8883,12534000
HP100297,South Suburbs,Apartment,2192,5,4.0,1,11,2,3.8,7,6,5,Unfurnished,6023,13202000
HP100298,West End,Independent House,853,2,1.5,3,11,0,16.5,4,8,6,Unfurnished,8830,7532000
HP100299,East Beach,Apartment,985,2,1.5,1,5,1,9.0,5,7,8,Semi-Furnished,8785,8653000
HP100300,Downtown,Apartment,1947,3,2.5,3,15,1,4.7,5,5,8,Semi-Furnished,7554,14707000
HP100301,East Beach,Apartment,2146,5,3.5,2,24,2,6.2,6,6,8,Furnished,7461,16011000
HP100302,South Suburbs,Apartment,1023,1,1.5,2,23,1,8.7,8,9,6,Semi-Furnished,6612,6764000
HP100303,Downtown,Apartment,1563,2,1.5,3,19,2,7.0,5,7,8,Semi-Furnished,8626,13482000
HP100304,South Suburbs,Apartment,790,2,1.5,3,0,1,8.4,7,8,5,Semi-Furnished,9244,7303000
HP100305,West End,Apartment,1450,4,3.5,4,0,2,14.1,5,8,7,Furnished,8162,11835000
HP100306,Downtown,Independent House,2010,4,3.0,2,13,1,2.5,4,6,8,Furnished,8702,17491000
HP100307,East Beach,Townhouse,1311,3,1.5,4,12,1,9.6,5,5,6,Unfurnished,7867,10314000
HP100308,West End,Villa,1413,1,1.0,4,8,1,6.7,4,5,8,Furnished,7791,11009000
HP100309,East Beach,Independent House,929,1,1.5,4,29,1,5.0,6,9,8,Semi-Furnished,9532,8855000
HP100310,Downtown,Townhouse,1193,1,1.0,4,13,2,11.3,5,7,8,Furnished,9519,11356000
HP100311,Northside,Townhouse,2517,5,3.0,4,17,3,1.2,3,4,5,Furnished,6053,15235000
HP100312,Northside,Villa,1590,2,2.0,2,21,2,0.5,5,8,6,Semi-Furnished,7180,11416000
HP100313,Downtown,Townhouse,999,1,1.0,3,12,1,7.9,2,4,8,Unfurnished,9203,9194000
HP100314,East Beach,Townhouse,1377,3,2.0,4,35,1,6.4,5,6,7,Semi-Furnished,7809,10753000
HP100315,East Beach,Independent House,671,2,1.0,2,4,1,1.6,5,7,6,Unfurnished,13405,8995000
HP100316,Northside,Villa,992,2,2.0,4,7,2,0.5,9,10,6,Furnished,11867,11772000
HP100317,Northside,Apartment,2298,5,3.0,3,4,3,14.7,8,8,6,Unfurnished,6117,14057000
HP100318,Northside,Apartment,1472,3,2.0,2,26,1,8.9,3,6,6,Semi-Furnished,6169,9081000
HP100319,South Suburbs,Villa,2590,5,4.0,4,19,3,7.1,5,7,5,Furnished,5960,15436000
HP100320,Northside,Villa,1498,2,2.5,1,7,1,15.8,5,8,6,Unfurnished,6631,9933000
HP100321,East Beach,Apartment,1530,3,2.5,3,4,2,11.1,4,9,9,Semi-Furnished,8465,12951000
HP100322,Downtown,Villa,1902,4,2.5,4,24,2,14.1,5,7,8,Semi-Furnished,8220,15635000
HP100323,Northside,Villa,550,2,2.5,1,15,0,2.3,4,7,5,Semi-Furnished,11904,6547000
HP100324,South Suburbs,Independent House,1663,3,2.0,2,25,2,2.1,9,6,4,Unfurnished,5749,9560000
HP100325,South Suburbs,Apartment,1523,2,2.0,3,11,2,9.5,4,8,5,Unfurnished,5829,8878000
HP100326,East Beach,Apartment,2367,5,4.0,1,17,2,8.7,6,9,7,Semi-Furnished,8267,19567000
HP100327,East Beach,Independent House,2081,4,2.5,4,15,3,12.0,1,4,8,Semi-Furnished,6963,14491000
HP100328,Downtown,Independent House,926,1,1.5,3,6,1,0.5,7,6,8,Semi-Furnished,11949,11065000
HP100329,Downtown,Townhouse,2233,4,3.0,2,11,2,9.8,8,5,9,Unfurnished,8062,18002000
HP100330,West End,Townhouse,1406,2,2.0,2,1,2,11.0,3,7,8,Semi-Furnished,7910,11121000
HP100331,West End,Townhouse,1053,3,1.5,1,16,1,10.7,4,5,6,Semi-Furnished,6576,6925000
HP100332,East Beach,Apartment,1658,2,2.0,1,19,2,5.4,6,5,7,Unfurnished,7469,12384000
HP100333,East Beach,Apartment,1438,2,1.5,3,21,2,9.1,5,9,8,Semi-Furnished,7291,10484000
HP100334,South Suburbs,Apartment,2396,4,3.5,4,18,3,3.9,6,7,5,Semi-Furnished,5867,14058000
HP100335,West End,Villa,1737,4,3.0,2,11,1,5.8,4,7,7,Semi-Furnished,8676,15070000
HP100336,South Suburbs,Townhouse,1663,4,3.5,1,26,2,2.8,9,8,6,Furnished,6505,10818000
HP100337,South Suburbs,Apartment,2045,3,2.5,3,20,2,4.0,4,8,6,Semi-Furnished,6064,12400000
HP100338,East Beach,Villa,2151,5,3.5,3,24,2,6.0,10,6,8,Semi-Furnished,8195,17627000
HP100339,East Beach,Apartment,1981,5,4.0,1,25,2,5.0,8,6,8,Unfurnished,7062,13989000
HP100340,South Suburbs,Apartment,2331,4,3.5,3,11,3,4.0,7,6,5,Unfurnished,5369,12515000
HP100341,Northside,Apartment,1885,2,2.0,1,15,2,1.8,3,9,6,Unfurnished,6329,11931000
HP100342,East Beach,Apartment,1642,3,1.5,1,19,1,14.8,7,7,7,Furnished,7608,12492000
HP100343,Northside,Townhouse,2232,5,3.5,2,2,2,5.0,6,7,7,Furnished,6828,15239000
HP100344,West End,Apartment,1500,4,3.5,3,2,1,8.3,1,8,6,Unfurnished,7786,11679000
HP100345,South Suburbs,Independent House,1568,2,1.0,3,0,2,0.5,2,10,4,Unfurnished,7189,11273000
HP100346,East Beach,Independent House,2497,6,5.0,3,11,3,12.4,6,7,8,Semi-Furnished,8327,20792000
HP100347,South Suburbs,Apartment,2442,3,2.5,1,9,2,7.7,5,7,5,Semi-Furnished,5260,12844000
HP100348,South Suburbs,Apartment,1546,3,2.0,2,0,1,5.2,4,10,4,Semi-Furnished,6902,10671000
HP100349,Downtown,Independent House,1301,2,1.0,3,13,1,5.3,7,9,9,Semi-Furnished,10360,13479000
HP100350,Downtown,Apartment,2355,5,3.5,3,11,3,10.5,3,9,9,Furnished,8631,20327000
HP100351,West End,Townhouse,1990,5,4.5,1,23,2,0.5,4,6,6,Unfurnished,7491,14908000
HP100352,Downtown,Apartment,1724,4,2.5,4,30,2,3.7,4,6,6,Semi-Furnished,7767,13391000
HP100353,East Beach,Independent House,1373,2,1.5,1,16,2,6.5,6,4,8,Semi-Furnished,8290,11382000
HP100354,West End,Independent House,1732,4,2.5,4,6,2,6.5,1,8,7,Semi-Furnished,8088,14009000
HP100355,South Suburbs,Apartment,1538,3,3.0,3,18,2,17.0,4,7,6,Furnished,5701,8768000
HP100356,South Suburbs,Apartment,1185,1,1.0,1,12,2,5.6,1,4,6,Unfurnished,6164,7304000
HP100357,Downtown,Townhouse,1621,2,1.5,2,10,1,11.0,4,9,8,Semi-Furnished,7865,12749000
HP100358,South Suburbs,Apartment,1696,4,3.5,2,4,2,14.2,7,6,5,Semi-Furnished,6141,10415000
HP100359,Downtown,Apartment,1344,2,2.0,4,8,2,9.7,7,7,7,Furnished,8993,12086000
HP100360,Northside,Apartment,2047,3,2.0,3,10,3,4.3,3,5,6,Semi-Furnished,6338,12973000
HP100361,South Suburbs,Apartment,2259,4,2.5,2,19,2,1.9,6,8,6,Semi-Furnished,5994,13541000
HP100362,South Suburbs,Independent House,2083,4,3.5,4,17,2,10.0,5,8,6,Furnished,6826,14219000
HP100363,East Beach,Independent House,1398,3,2.5,1,28,1,13.6,8,7,8,Furnished,8497,11879000
HP100364,South Suburbs,Apartment,1966,3,1.5,4,18,3,9.2,5,6,4,Semi-Furnished,4994,9819000
HP100365,Downtown,Independent House,1593,4,2.5,4,16,1,11.9,1,10,7,Furnished,9006,14347000
HP100366,West End,Apartment,870,2,1.0,2,9,0,17.4,7,5,6,Unfurnished,6898,6001000
HP100367,West End,Apartment,1920,3,2.0,1,3,1,10.3,4,6,6,Semi-Furnished,6856,13164000
HP100368,East Beach,Villa,1630,3,1.5,4,7,2,2.6,4,8,8,Furnished,8851,14427000
HP100369,Downtown,Townhouse,2976,6,4.0,4,6,3,7.2,6,5,7,Semi-Furnished,7820,23272000
HP100370,Northside,Apartment,2351,4,2.5,2,0,2,12.5,2,5,7,Semi-Furnished,6584,15479000
HP100371,East Beach,Apartment,1941,4,3.0,1,3,2,6.0,5,9,7,Furnished,8479,16457000
HP100372,Northside,Villa,1687,2,2.5,2,26,2,13.0,6,8,7,Furnished,6525,11008000
HP100373,West End,Independent House,1640,3,2.5,1,15,2,6.7,6,8,7,Furnished,7913,12978000
HP100374,East Beach,Apartment,998,1,1.0,3,9,1,8.3,4,7,7,Semi-Furnished,7063,7049000
HP100375,South Suburbs,Apartment,594,1,1.0,3,16,1,5.6,7,6,7,Furnished,9323,5538000
HP100376,Downtown,Independent House,1070,3,2.5,2,0,1,7.6,3,7,8,Unfurnished,11828,12656000
HP100377,Northside,Apartment,1524,3,2.5,3,15,1,7.8,4,7,6,Semi-Furnished,6155,9380000
HP100378,Northside,Apartment,550,1,1.0,3,23,1,0.6,5,8,6,Semi-Furnished,7918,4355000
HP100379,East Beach,Apartment,1251,1,1.0,1,11,2,5.2,6,8,8,Furnished,8429,10545000
HP100380,East Beach,Apartment,1414,2,3.0,2,0,2,2.1,4,6,8,Furnished,9569,13531000
HP100381,Downtown,Villa,1432,3,3.0,4,8,2,5.4,8,8,7,Semi-Furnished,10909,15621000
HP100382,South Suburbs,Townhouse,1186,2,1.0,4,24,1,3.8,6,4,5,Semi-Furnished,6158,7303000
HP100383,South Suburbs,Independent House,1362,1,1.0,4,14,2,11.0,5,7,5,Semi-Furnished,5512,7508000
HP100384,East Beach,Independent House,2498,5,3.5,4,0,2,11.1,6,5,8,Semi-Furnished,7845,19596000
HP100385,Downtown,Townhouse,1914,4,3.5,1,33,2,9.2,7,6,9,Semi-Furnished,8710,16670000
HP100386,Downtown,Apartment,1242,3,2.0,2,1,1,1.9,6,10,8,Unfurnished,10114,12562000
HP100387,Downtown,Apartment,1512,2,1.0,2,10,1,6.6,1,5,8,Semi-Furnished,7943,12010000
HP100388,South Suburbs,Townhouse,1534,1,1.0,3,3,2,1.6,7,6,5,Furnished,6722,10312000
HP100389,South Suburbs,Apartment,1128,2,2.0,4,3,2,6.4,5,8,4,Semi-Furnished,6324,7133000
HP100390,Downtown,Independent House,1127,1,1.0,3,8,1,9.6,7,6,9,Furnished,10515,11850000
HP100391,Northside,Independent House,2106,5,4.0,3,18,2,11.0,4,7,6,Semi-Furnished,7001,14745000
HP100392,Downtown,Apartment,1319,1,1.0,1,24,1,8.9,1,9,8,Semi-Furnished,6807,8979000
HP100393,East Beach,Villa,948,2,2.0,3,9,0,12.0,1,8,8,Unfurnished,9069,8597000
HP100394,West End,Apartment,1526,4,3.0,4,3,3,8.0,3,6,7,Semi-Furnished,7628,11640000
HP100395,Northside,Apartment,1615,3,3.0,4,16,1,6.1,6,7,6,Semi-Furnished,7014,11328000
HP100396,South Suburbs,Villa,550,2,2.0,3,17,0,10.5,8,8,5,Unfurnished,9867,5427000
HP100397,Downtown,Apartment,1528,2,1.5,1,14,2,10.6,6,8,8,Unfurnished,8327,12723000
HP100398,Downtown,Independent House,2027,3,2.5,1,14,2,4.9,3,7,8,Semi-Furnished,8253,16729000
HP100399,East Beach,Townhouse,1798,4,4.0,3,11,2,8.5,3,8,7,Semi-Furnished,8392,15088000
HP100400,East Beach,Independent House,2776,5,4.0,4,13,3,5.8,8,8,8,Semi-Furnished,7923,21994000
HP100401,South Suburbs,Apartment,2238,4,3.0,4,10,2,0.5,2,7,6,Unfurnished,5899,13201000
HP100402,Northside,Apartment,2347,4,3.5,2,22,2,8.8,10,6,6,Semi-Furnished,6025,14141000
HP100403,East Beach,Apartment,3090,6,4.5,3,32,3,1.8,9,8,7,Semi-Furnished,7211,22281000
HP100404,South Suburbs,Apartment,1967,3,2.0,1,14,2,8.3,10,7,6,Semi-Furnished,5934,11672000
HP100405,West End,Townhouse,1640,4,3.5,3,12,2,0.9,6,4,6,Semi-Furnished,7689,12610000
HP100406,West End,Apartment,2086,6,4.5,1,14,2,4.1,4,6,7,Unfurnished,7144,14903000
HP100407,West End,Apartment,1242,3,3.0,4,6,2,5.3,6,6,7,Furnished,9800,12171000
HP100408,Downtown,Independent House,1609,3,3.0,4,19,2,11.8,7,7,8,Unfurnished,8457,13608000
HP100409,South Suburbs,Apartment,1194,1,1.0,1,16,1,4.9,4,9,5,Semi-Furnished,6916,8258000
HP100410,Downtown,Apartment,1769,2,2.0,4,8,1,2.7,3,10,8,Unfurnished,8089,14309000
HP100411,Downtown,Apartment,1191,3,2.5,4,20,1,8.5,4,3,8,Semi-Furnished,8808,10490000
HP100412,East Beach,Independent House,1172,2,2.5,2,12,2,6.1,3,7,8,Unfurnished,10323,12098000
HP100413,East Beach,Independent House,1777,3,2.0,2,3,1,10.2,8,7,8,Furnished,8487,15082000
HP100414,Downtown,Apartment,1474,3,2.5,1,15,1,3.0,4,7,7,Semi-Furnished,8301,12236000
HP100415,Downtown,Townhouse,550,2,1.5,4,14,0,7.8,5,8,9,Semi-Furnished,13345,7340000
HP100416,Northside,Townhouse,749,1,1.0,1,21,1,16.9,7,7,6,Unfurnished,7123,5335000
HP100417,South Suburbs,Independent House,919,2,1.5,4,19,1,6.0,8,6,6,Unfurnished,7919,7278000
HP100418,Downtown,Apartment,1064,2,2.0,3,11,2,7.7,5,7,8,Semi-Furnished,9653,10271000
HP100419,East Beach,Apartment,1778,3,2.5,4,8,2,0.5,6,8,6,Semi-Furnished,7971,14172000
HP100420,West End,Townhouse,1670,3,3.0,2,12,2,3.6,3,8,6,Semi-Furnished,8399,14027000
HP100421,South Suburbs,Apartment,2136,4,3.0,4,15,2,8.8,7,7,5,Furnished,5783,12352000
HP100422,Northside,Villa,1964,4,3.0,2,16,2,5.7,8,6,6,Semi-Furnished,6884,13520000
HP100423,Northside,Independent House,2140,6,5.0,2,15,1,9.5,1,10,6,Furnished,7551,16160000
HP100424,West End,Apartment,1885,4,2.5,2,11,2,8.7,9,8,6,Unfurnished,7417,13981000
HP100425,West End,Independent House,1665,4,3.5,4,21,1,1.7,3,8,7,Furnished,8656,14412000
HP100426,Downtown,Townhouse,2155,3,3.0,2,6,2,11.1,6,6,8,Semi-Furnished,8680,18705000
HP100427,South Suburbs,Independent House,2056,4,3.5,2,34,2,2.0,5,7,5,Semi-Furnished,5949,12232000
HP100428,South Suburbs,Apartment,1757,3,2.5,3,19,2,3.9,5,7,7,Furnished,6199,10891000
HP100429,Downtown,Townhouse,2249,5,3.5,3,2,2,7.9,5,4,8,Semi-Furnished,7807,17559000
HP100430,Northside,Villa,550,2,1.5,3,14,1,13.3,3,6,6,Furnished,10405,5723000
HP100431,Downtown,Independent House,1390,3,2.5,2,19,1,3.0,6,6,8,Semi-Furnished,9402,13069000
HP100432,Northside,Independent House,1382,4,3.0,1,9,2,7.6,4,6,7,Unfurnished,7484,10343000
HP100433,South Suburbs,Independent House,2184,5,4.5,4,0,3,7.6,2,5,5,Semi-Furnished,6016,13140000
HP100434,Downtown,Apartment,2414,5,4.0,2,3,3,9.6,3,7,8,Semi-Furnished,8223,19851000
HP100435,West End,Apartment,752,2,1.5,4,17,1,11.7,2,9,8,Furnished,10387,7811000
HP100436,Downtown,Apartment,2326,6,5.0,2,0,2,5.4,4,7,9,Furnished,8857,20602000
HP100437,West End,Villa,906,1,1.0,3,0,2,11.0,6,5,7,Unfurnished,10109,9159000
HP100438,South Suburbs,Villa,922,3,2.0,3,17,0,12.3,3,5,5,Unfurnished,7629,7034000
HP100439,Downtown,Villa,1421,2,1.5,4,10,1,14.1,7,6,8,Unfurnished,9307,13225000
HP100440,East Beach,Apartment,1375,2,2.5,1,6,1,9.0,5,5,7,Semi-Furnished,9025,12409000
HP100441,South Suburbs,Independent House,693,2,2.5,3,8,1,7.6,4,7,6,Unfurnished,12351,8559000
HP100442,East Beach,Townhouse,1907,4,3.5,1,0,2,5.1,5,9,8,Semi-Furnished,9110,17373000
HP100443,Downtown,Apartment,1924,3,3.0,4,16,2,1.2,8,6,10,Semi-Furnished,8382,16127000
HP100444,West End,Independent House,2130,4,3.5,3,5,3,5.9,2,7,8,Furnished,7817,16650000
HP100445,West End,Independent House,1312,3,2.5,4,7,1,7.4,9,6,6,Unfurnished,9124,11971000
HP100446,Northside,Villa,1528,3,2.5,2,15,2,6.6,7,6,6,Semi-Furnished,7183,10976000
HP100447,East Beach,Apartment,1533,4,3.5,1,10,2,9.4,5,7,6,Unfurnished,8797,13486000
HP100448,South Suburbs,Independent House,2478,6,5.0,3,6,2,1.2,8,6,4,Furnished,6523,16165000
HP100449,West End,Townhouse,550,1,1.0,1,0,1,6.3,4,6,7,Unfurnished,11989,6594000
HP100450,East Beach,Independent House,1024,1,1.5,2,15,1,15.0,6,5,7,Unfurnished,7558,7739000
HP100451,South Suburbs,Townhouse,1553,2,2.5,2,13,1,11.0,4,7,6,Unfurnished,5397,8382000
HP100452,South Suburbs,Townhouse,953,2,1.5,1,7,0,9.5,7,9,6,Furnished,8380,7986000
HP100453,West End,Apartment,1408,2,1.5,1,3,2,8.6,3,8,6,Unfurnished,7937,11175000
HP100454,Downtown,Independent House,1481,3,2.5,3,12,2,5.5,5,9,8,Semi-Furnished,9363,13866000
HP100455,West End,Villa,1188,3,2.0,4,16,1,0.5,6,6,8,Semi-Furnished,10231,12154000
HP100456,West End,Townhouse,1585,3,2.0,2,13,1,8.8,7,8,8,Furnished,7743,12273000
HP100457,Downtown,Apartment,1895,5,4.5,2,27,2,0.5,3,5,7,Unfurnished,7660,14515000
HP100458,Northside,Apartment,1420,2,1.5,1,18,1,5.7,7,8,5,Unfurnished,6455,9166000
HP100459,South Suburbs,Townhouse,1301,2,1.5,3,11,0,7.0,3,9,5,Semi-Furnished,6923,9007000
HP100460,Downtown,Apartment,1459,3,2.0,4,19,1,5.2,1,8,8,Unfurnished,8363,12202000
HP100461,Northside,Independent House,1546,4,3.5,3,12,2,15.7,3,9,6,Semi-Furnished,7625,11788000
HP100462,Downtown,Apartment,593,2,2.0,2,12,1,14.3,7,6,8,Semi-Furnished,13432,7965000
HP100463,Northside,Townhouse,1804,4,3.0,3,24,3,11.1,5,7,7,Semi-Furnished,6803,12272000
HP100464,West End,Townhouse,1302,3,2.0,4,4,1,3.3,4,6,6,Unfurnished,7884,10265000
HP100465,Downtown,Apartment,2244,4,3.0,4,12,2,14.7,5,7,8,Semi-Furnished,7427,16667000
HP100466,South Suburbs,Independent House,1875,4,3.5,1,23,2,9.5,5,7,4,Unfurnished,6284,11783000
HP100467,Downtown,Apartment,2194,5,4.0,2,15,2,3.2,6,7,8,Semi-Furnished,8236,18070000
HP100468,West End,Villa,994,3,2.5,4,9,0,7.1,1,6,6,Unfurnished,8838,8785000
HP100469,Downtown,Independent House,1346,2,2.0,3,0,2,10.8,5,6,8,Furnished,10293,13854000
HP100470,South Suburbs,Independent House,867,1,1.5,4,0,1,4.6,5,8,6,Semi-Furnished,10840,9398000
HP100471,Northside,Apartment,1162,3,2.5,4,31,0,7.6,2,7,6,Unfurnished,6331,7357000
HP100472,South Suburbs,Apartment,2239,3,2.5,1,15,2,8.3,2,5,5,Unfurnished,4950,11084000
HP100473,West End,Independent House,2368,5,3.5,3,7,2,2.6,4,4,6,Semi-Furnished,7086,16780000
HP100474,West End,Villa,919,2,3.0,3,15,1,5.9,5,6,6,Unfurnished,9060,8326000
HP100475,Northside,Villa,1298,2,1.5,2,3,1,2.9,5,5,6,Unfurnished,7653,9934000
HP100476,Northside,Apartment,1508,3,2.5,3,9,2,10.5,4,6,6,Furnished,6838,10311000
HP100477,South Suburbs,Apartment,1872,3,2.5,1,4,3,3.4,4,6,6,Semi-Furnished,6588,12332000
HP100478,Downtown,Townhouse,582,1,1.0,2,0,1,8.2,4,7,7,Unfurnished,12380,7205000
HP100479,Northside,Apartment,668,1,1.0,2,0,0,1.4,6,6,6,Semi-Furnished,11112,7423000
HP100480,Downtown,Apartment,1819,3,2.5,2,0,2,2.5,8,10,7,Unfurnished,8883,16158000
HP100481,East Beach,Townhouse,550,1,1.0,3,21,0,2.3,1,5,7,Furnished,10253,5639000
HP100482,South Suburbs,Apartment,1304,2,2.0,4,3,1,5.8,6,9,4,Unfurnished,7268,9478000
HP100483,East Beach,Independent House,1639,3,1.5,4,17,2,7.7,5,7,7,Semi-Furnished,8109,13291000
HP100484,Northside,Apartment,1779,5,4.5,3,21,2,8.5,6,6,6,Furnished,6945,12355000
HP100485,West End,Townhouse,1472,3,3.0,2,12,1,0.5,8,8,7,Unfurnished,8312,12235000
HP100486,East Beach,Independent House,1349,3,2.5,4,9,1,6.3,3,6,7,Unfurnished,9425,12714000
HP100487,East Beach,Townhouse,2015,4,2.5,4,13,1,4.0,7,6,8,Semi-Furnished,8047,16215000
HP100488,West End,Apartment,1707,3,2.0,4,8,1,9.1,2,10,7,Furnished,7960,13587000
HP100489,Northside,Villa,1194,1,1.5,4,23,1,5.9,5,4,6,Semi-Furnished,6701,8001000
HP100490,Northside,Independent House,1571,2,3.5,4,29,1,6.7,4,7,6,Semi-Furnished,6991,10983000
HP100491,South Suburbs,Apartment,1761,3,3.0,4,25,1,4.0,5,7,4,Furnished,5731,10093000
HP100492,South Suburbs,Apartment,2495,5,4.5,3,0,3,13.9,3,9,5,Furnished,6342,15824000
HP100493,Northside,Apartment,1982,5,4.0,3,8,2,1.9,6,6,6,Semi-Furnished,7391,14649000
HP100494,Northside,Townhouse,2218,3,2.0,3,12,2,5.4,8,10,7,Semi-Furnished,6476,14363000
HP100495,East Beach,Independent House,1214,2,2.0,2,16,2,7.4,3,8,7,Semi-Furnished,9035,10969000
HP100496,West End,Independent House,1262,2,1.0,4,0,1,6.0,5,3,8,Unfurnished,8564,10808000
HP100497,Downtown,Independent House,1421,3,2.0,3,0,1,3.9,7,5,8,Furnished,10485,14899000
HP100498,East Beach,Villa,1471,4,2.5,3,24,1,0.5,4,7,7,Unfurnished,9325,13717000
HP100499,South Suburbs,Villa,996,2,2.0,3,7,1,4.2,8,5,6,Unfurnished,8515,8481000
HP100500,West End,Apartment,2246,4,3.0,1,0,1,3.2,4,8,6,Furnished,7656,17195000
HP100501,Downtown,Independent House,2036,5,4.0,4,2,2,13.7,5,6,8,Semi-Furnished,8623,17556000
HP100502,Northside,Apartment,1382,3,2.5,3,16,2,16.1,3,5,5,Unfurnished,5238,7239000
HP100503,South Suburbs,Townhouse,1903,3,2.0,4,5,2,6.8,5,6,4,Unfurnished,5715,10876000
HP100504,South Suburbs,Independent House,1673,3,2.0,1,14,2,1.4,5,8,6,Semi-Furnished,7322,12250000
HP100505,East Beach,Apartment,1946,3,2.0,1,3,2,10.0,6,4,7,Furnished,7192,13995000
HP100506,West End,Villa,811,2,1.0,4,0,2,3.1,4,9,8,Unfurnished,10943,8875000
HP100507,West End,Apartment,1470,3,2.0,3,25,1,4.8,3,9,6,Unfurnished,6120,8996000
HP100508,East Beach,Townhouse,1518,2,1.0,3,16,1,4.5,6,7,6,Semi-Furnished,8076,12260000
HP100509,East Beach,Townhouse,1893,4,3.5,2,9,2,5.0,8,5,7,Furnished,7890,14935000
HP100510,East Beach,Townhouse,1204,2,2.0,3,7,1,5.6,6,8,10,Unfurnished,10024,12069000
HP100511,South Suburbs,Apartment,550,1,1.0,3,25,0,1.7,9,6,6,Furnished,8489,4669000
HP100512,Northside,Apartment,955,2,1.5,1,17,1,4.2,6,5,6,Furnished,7215,6890000
HP100513,South Suburbs,Apartment,1516,3,3.0,3,22,1,11.1,6,10,6,Unfurnished,5704,8647000
HP100514,South Suburbs,Apartment,1585,3,2.0,3,7,1,6.9,6,6,5,Furnished,6397,10139000
HP100515,South Suburbs,Apartment,2476,5,4.0,2,12,2,7.5,8,5,7,Semi-Furnished,5648,13984000
HP100516,Downtown,Apartment,1871,3,2.5,2,16,2,0.5,8,7,8,Semi-Furnished,8410,15735000
HP100517,South Suburbs,Townhouse,1595,2,2.0,4,7,2,10.8,3,7,6,Semi-Furnished,6426,10249000
HP100518,Downtown,Apartment,1532,1,1.0,3,11,2,4.3,7,9,9,Furnished,9168,14045000
HP100519,West End,Apartment,2157,4,3.0,2,7,2,11.5,6,6,6,Furnished,7151,15425000
HP100520,West End,Independent House,1225,2,1.5,3,16,1,7.6,5,6,6,Furnished,8033,9840000
HP100521,East Beach,Villa,1473,3,2.5,1,0,2,4.8,1,8,7,Furnished,9247,13621000
HP100522,Downtown,Independent House,951,1,1.0,2,17,1,0.5,2,7,9,Semi-Furnished,10654,10132000
HP100523,Downtown,Independent House,2330,4,2.5,3,15,2,15.7,4,7,7,Furnished,8028,18705000
HP100524,South Suburbs,Townhouse,1766,4,3.5,2,10,1,10.2,2,7,5,Furnished,6350,11214000
HP100525,East Beach,Independent House,1161,2,2.0,1,16,1,10.5,4,7,7,Unfurnished,8369,9716000
HP100526,East Beach,Villa,1487,3,2.0,3,9,1,14.3,7,6,6,Unfurnished,9308,13841000
HP100527,South Suburbs,Independent House,1830,3,2.5,4,6,2,7.9,4,8,5,Semi-Furnished,6023,11022000
HP100528,Downtown,Apartment,1412,3,2.5,2,17,1,12.4,5,6,8,Furnished,8752,12358000
HP100529,South Suburbs,Apartment,1256,3,2.0,4,17,2,5.1,3,8,4,Unfurnished,6820,8566000
HP100530,South Suburbs,Villa,1190,3,1.5,4,7,0,10.0,6,9,6,Semi-Furnished,7915,9419000
HP100531,West End,Apartment,1736,3,2.0,3,7,1,4.5,6,6,7,Unfurnished,7006,12163000
HP100532,Downtown,Independent House,1353,2,1.5,4,10,1,5.0,2,10,8,Semi-Furnished,9381,12693000
HP100533,Downtown,Apartment,1300,2,1.0,2,7,2,7.4,3,6,8,Semi-Furnished,8715,11330000
HP100534,East Beach,Apartment,815,2,2.0,4,26,0,1.9,2,6,7,Unfurnished,9117,7430000
HP100535,West End,Apartment,1593,2,2.0,1,15,1,8.3,6,8,6,Furnished,6972,11106000
HP100536,Downtown,Independent House,1450,3,3.0,2,12,1,5.8,5,8,8,Unfurnished,10794,15651000
HP100537,West End,Apartment,1373,2,1.5,3,4,2,0.5,5,7,6,Furnished,7905,10854000
HP100538,Downtown,Independent House,1659,3,1.5,1,19,3,5.2,5,8,8,Unfurnished,9274,15386000
HP100539,West End,Townhouse,1961,3,2.5,4,6,2,5.6,6,7,6,Furnished,7584,14872000
HP100540,Downtown,Apartment,1936,3,2.5,4,6,2,10.4,6,10,8,Semi-Furnished,8514,16484000
HP100541,Northside,Independent House,1854,4,3.5,1,19,1,8.1,4,7,6,Unfurnished,7189,13329000
HP100542,Downtown,Apartment,1418,3,3.5,4,15,2,12.8,4,6,7,Unfurnished,7511,10651000
HP100543,Downtown,Apartment,1238,1,1.0,1,0,2,9.1,5,6,8,Unfurnished,8941,11069000
HP100544,Downtown,Independent House,976,2,1.0,1,11,2,4.8,5,8,7,Semi-Furnished,10221,9976000
HP100545,South Suburbs,Townhouse,1224,3,2.0,4,13,1,6.8,10,8,4,Furnished,7275,8904000
HP100546,Downtown,Apartment,1561,3,2.5,3,9,1,5.6,4,7,8,Semi-Furnished,8495,13260000
HP100547,West End,Villa,1118,2,1.5,4,13,1,9.0,6,6,9,Semi-Furnished,8547,9556000
HP100548,West End,Apartment,1603,2,1.0,2,0,2,7.2,6,9,7,Semi-Furnished,6980,11189000
HP100549,West End,Villa,1019,2,1.0,3,0,1,4.5,8,10,8,Semi-Furnished,11269,11483000
HP100550,Northside,Villa,636,1,1.0,1,3,0,7.0,3,7,6,Semi-Furnished,10854,6903000
HP100551,South Suburbs,Villa,2001,4,2.5,3,15,2,8.8,8,10,5,Semi-Furnished,6540,13086000
HP100552,East Beach,Villa,1289,2,2.0,4,0,1,3.0,5,8,8,Semi-Furnished,10501,13536000
HP100553,South Suburbs,Apartment,1090,1,1.0,3,4,0,8.3,10,10,5,Furnished,7741,8438000
HP100554,East Beach,Independent House,948,2,1.5,4,0,1,0.7,6,8,8,Semi-Furnished,11430,10836000
HP100555,South Suburbs,Independent House,1783,4,3.0,2,10,2,11.4,2,7,6,Unfurnished,7497,13367000
HP100556,West End,Independent House,2306,5,4.0,4,30,3,9.1,5,8,7,Unfurnished,7179,16554000
HP100557,Northside,Apartment,1328,3,2.5,3,10,1,13.5,8,6,7,Semi-Furnished,8413,11172000
HP100558,South Suburbs,Apartment,1431,4,3.0,1,11,2,2.5,5,8,5,Semi-Furnished,6972,9977000
HP100559,Northside,Apartment,2139,4,3.0,2,20,3,11.5,5,9,7,Furnished,6631,14184000
HP100560,South Suburbs,Apartment,554,2,1.5,2,12,1,10.7,7,8,5,Semi-Furnished,8186,4535000
HP100561,West End,Apartment,2632,5,3.5,1,10,2,6.3,4,7,8,Semi-Furnished,6715,17673000
HP100562,Downtown,Apartment,2894,6,4.0,4,20,2,5.5,5,7,9,Furnished,7720,22342000
HP100563,West End,Independent House,550,2,1.5,1,16,1,2.7,3,8,6,Unfurnished,15545,8550000
HP100564,Downtown,Apartment,1496,3,3.5,3,15,2,1.6,9,8,7,Furnished,9138,13671000
HP100565,South Suburbs,Independent House,1155,3,2.0,4,11,1,4.0,2,8,5,Unfurnished,7370,8512000
HP100566,East Beach,Villa,1404,3,2.0,2,9,2,2.0,5,8,7,Semi-Furnished,8939,12551000
HP100567,East Beach,Independent House,1320,2,1.5,3,20,1,13.4,6,6,7,Furnished,8389,11073000
HP100568,East Beach,Villa,1996,4,3.0,3,9,1,1.0,5,6,7,Furnished,8226,16419000
HP100569,Northside,Villa,1488,4,3.5,4,23,1,7.6,2,8,7,Furnished,8357,12435000
HP100570,West End,Villa,1049,3,2.5,1,3,1,8.7,3,8,7,Semi-Furnished,9052,9496000
HP100571,South Suburbs,Townhouse,1455,2,1.5,2,25,2,8.4,6,8,5,Furnished,6107,8885000
HP100572,West End,Villa,1833,3,3.0,3,16,2,8.8,3,6,6,Semi-Furnished,6570,12042000
HP100573,East Beach,Villa,899,2,2.5,1,3,2,10.8,1,7,7,Semi-Furnished,10663,9586000
HP100574,Downtown,Villa,645,1,1.5,4,17,0,5.2,6,5,7,Unfurnished,10938,7055000
HP100575,Downtown,Independent House,2646,6,4.5,3,6,2,7.4,3,5,9,Unfurnished,8082,21385000
HP100576,East Beach,Apartment,1197,2,1.5,1,12,2,5.8,6,7,7,Semi-Furnished,8354,10000000
HP100577,South Suburbs,Villa,1474,3,2.5,1,8,0,12.2,5,9,4,Unfurnished,7143,10529000
HP100578,West End,Villa,1331,3,2.5,1,11,1,15.4,4,7,8,Semi-Furnished,9496,12639000
HP100579,South Suburbs,Townhouse,1851,3,2.0,3,20,2,2.2,5,10,6,Furnished,6661,12329000
HP100580,Downtown,Villa,2525,6,5.0,3,17,3,0.5,2,7,8,Furnished,8556,21605000
HP100581,Downtown,Villa,1869,3,2.5,2,2,2,9.3,3,7,8,Unfurnished,8811,16467000
HP100582,South Suburbs,Townhouse,715,1,1.0,3,2,1,11.3,4,6,6,Furnished,8648,6183000
HP100583,Downtown,Villa,789,2,1.0,2,14,0,14.8,2,6,8,Unfurnished,10856,8565000
HP100584,Downtown,Apartment,1331,4,3.0,2,15,2,10.0,7,5,7,Semi-Furnished,9079,12084000
HP100585,West End,Apartment,1402,2,1.0,1,6,1,12.6,4,5,7,Furnished,6340,8888000
HP100586,South Suburbs,Apartment,603,1,1.0,1,26,0,13.6,2,5,6,Unfurnished,6207,3743000
HP100587,Northside,Apartment,2001,4,3.0,3,19,2,12.9,4,7,7,Unfurnished,6434,12874000
HP100588,Downtown,Apartment,953,1,1.0,3,6,1,10.5,5,6,7,Unfurnished,9757,9298000
HP100589,South Suburbs,Independent House,2371,4,4.0,1,5,2,1.9,4,6,5,Semi-Furnished,6031,14299000
HP100590,South Suburbs,Independent House,2551,5,4.0,1,10,3,7.0,6,8,6,Furnished,6456,16469000
HP100591,South Suburbs,Apartment,1413,2,2.5,2,9,2,8.2,6,5,5,Unfurnished,5391,7617000
HP100592,South Suburbs,Villa,1791,2,2.0,3,23,2,6.6,10,7,4,Unfurnished,5841,10462000
HP100593,East Beach,Apartment,872,1,1.5,3,21,1,6.8,8,8,8,Semi-Furnished,9584,8357000
HP100594,South Suburbs,Townhouse,1893,4,4.0,3,12,2,13.3,1,8,6,Unfurnished,5905,11179000
HP100595,East Beach,Apartment,1276,1,1.0,1,18,1,4.0,4,8,7,Semi-Furnished,7952,10147000
HP100596,South Suburbs,Villa,952,2,1.5,2,19,1,10.2,4,7,6,Furnished,8222,7827000
HP100597,West End,Apartment,1391,2,2.0,4,13,1,8.3,6,6,7,Furnished,7196,10010000
HP100598,Northside,Independent House,1294,4,3.0,3,16,1,3.6,3,7,6,Furnished,9083,11754000
HP100599,Northside,Apartment,1371,4,3.0,4,17,0,2.7,4,9,6,Semi-Furnished,7454,10220000
HP100600,Northside,Independent House,2072,3,2.5,3,16,1,0.5,2,7,7,Furnished,6814,14119000
HP100601,Northside,Apartment,1118,2,1.5,4,5,0,8.9,4,7,5,Unfurnished,6007,6716000
HP100602,Northside,Townhouse,2504,4,4.0,3,6,3,6.7,4,8,7,Unfurnished,6729,16849000
HP100603,Northside,Villa,821,1,1.0,3,9,0,3.7,4,7,5,Semi-Furnished,8670,7118000
HP100604,Downtown,Independent House,2438,6,5.0,3,6,3,0.5,2,7,8,Unfurnished,9023,21998000
HP100605,South Suburbs,Independent House,991,2,2.0,2,0,1,8.7,7,7,6,Furnished,8199,8125000
HP100606,West End,Townhouse,1549,3,1.5,2,18,1,6.3,6,6,6,Semi-Furnished,7298,11304000
HP100607,East Beach,Apartment,1280,2,1.5,1,15,1,4.1,2,8,7,Furnished,7272,9308000
HP100608,West End,Apartment,1361,3,2.0,2,0,2,3.1,5,4,8,Semi-Furnished,8572,11667000
HP100609,South Suburbs,Apartment,1991,2,2.0,1,10,2,6.0,2,8,6,Semi-Furnished,5598,11145000
HP100610,South Suburbs,Apartment,2375,4,3.0,2,10,3,8.9,8,6,5,Semi-Furnished,5753,13664000
HP100611,South Suburbs,Villa,2205,4,3.0,4,14,3,5.7,9,4,5,Unfurnished,5866,12934000
HP100612,West End,Townhouse,1327,2,1.0,2,2,1,2.2,5,6,6,Semi-Furnished,7533,9996000
HP100613,Northside,Townhouse,1651,4,4.0,3,0,2,6.8,3,7,7,Semi-Furnished,7747,12790000
HP100614,East Beach,Villa,1120,3,2.5,2,17,2,11.2,4,7,7,Furnished,10048,11254000
HP100615,Northside,Independent House,1005,1,1.0,4,0,1,7.2,4,8,5,Semi-Furnished,8809,8853000
HP100616,Northside,Townhouse,920,3,2.0,1,10,1,7.3,5,8,6,Unfurnished,9192,8457000
HP100617,East Beach,Townhouse,1309,2,1.5,4,9,1,5.7,8,5,6,Semi-Furnished,7850,10275000
HP100618,East Beach,Apartment,1687,4,4.0,3,11,1,3.4,7,8,7,Semi-Furnished,9268,15635000
HP100619,Downtown,Villa,550,1,1.0,4,14,0,3.3,7,8,8,Unfurnished,14464,7955000
HP100620,Downtown,Independent House,1525,3,2.5,1,26,1,0.5,5,7,8,Semi-Furnished,8644,13182000
HP100621,West End,Apartment,2384,4,2.5,4,0,3,11.7,2,8,6,Unfurnished,6758,16112000
HP100622,West End,Apartment,2167,4,3.0,4,20,2,8.8,3,4,7,Unfurnished,6286,13621000
HP100623,Downtown,Townhouse,1228,2,1.5,2,0,1,7.3,5,6,8,Semi-Furnished,9546,11722000
HP100624,West End,Townhouse,782,1,1.0,3,25,1,8.2,2,9,6,Unfurnished,7647,5980000
HP100625,Northside,Townhouse,1803,3,2.5,3,0,1,8.4,6,7,7,Semi-Furnished,7537,13589000
HP100626,East Beach,Independent House,550,1,1.0,1,34,0,4.1,7,10,8,Unfurnished,13616,7489000
HP100627,East Beach,Apartment,2161,3,2.5,3,8,2,5.7,6,5,7,Semi-Furnished,6712,14504000
HP100628,East Beach,Apartment,1433,2,1.5,3,24,1,5.1,6,9,9,Unfurnished,8499,12179000
HP100629,West End,Villa,2557,4,2.5,1,22,2,17.0,1,6,6,Furnished,6310,16134000
HP100630,East Beach,Villa,600,1,1.5,2,8,1,11.1,8,8,8,Unfurnished,13517,8110000
HP100631,Northside,Villa,2055,4,3.0,3,9,1,7.7,2,7,6,Semi-Furnished,7309,15019000
HP100632,East Beach,Independent House,1495,3,2.5,4,4,3,12.5,5,7,8,Semi-Furnished,7928,11853000
HP100633,West End,Apartment,1368,4,3.0,1,19,2,12.0,6,8,6,Unfurnished,7909,10820000
HP100634,East Beach,Independent House,797,1,1.0,4,8,1,1.5,6,6,7,Semi-Furnished,11901,9485000
HP100635,Downtown,Apartment,1878,4,3.5,4,5,2,6.1,2,8,8,Furnished,8630,16207000
HP100636,Northside,Apartment,1922,4,4.0,4,17,2,6.9,3,7,6,Furnished,6224,11963000
HP100637,East Beach,Apartment,2532,5,4.0,1,4,3,9.4,6,7,8,Semi-Furnished,8155,20648000
HP100638,East Beach,Apartment,2104,5,4.5,3,9,2,6.1,6,3,7,Unfurnished,7056,14845000
HP100639,Northside,Townhouse,1223,2,2.5,2,13,1,6.6,3,6,6,Semi-Furnished,7520,9197000
HP100640,South Suburbs,Apartment,998,2,2.0,4,6,1,5.2,6,9,5,Semi-Furnished,8573,8556000
HP100641,Northside,Apartment,797,1,1.5,3,8,0,11.2,2,8,6,Unfurnished,7785,6205000
HP100642,South Suburbs,Independent House,2360,5,4.0,3,26,2,1.2,6,8,6,Furnished,6463,15252000
HP100643,South Suburbs,Villa,1122,1,1.0,1,10,2,5.3,3,7,4,Semi-Furnished,6983,7835000
HP100644,West End,Apartment,2364,5,4.0,4,9,2,0.5,5,10,7,Semi-Furnished,7553,17855000
HP100645,Northside,Apartment,1839,4,2.5,2,10,3,2.9,5,7,5,Semi-Furnished,6600,12137000
HP100646,East Beach,Apartment,1731,3,2.5,1,16,3,8.3,8,6,7,Semi-Furnished,7559,13084000
HP100647,West End,Independent House,1381,3,1.5,4,3,3,8.3,6,8,6,Unfurnished,8498,11736000
HP100648,West End,Apartment,1913,4,2.5,4,16,3,5.7,4,8,6,Furnished,6722,12859000
HP100649,South Suburbs,Apartment,1541,4,3.0,2,14,3,11.5,6,8,5,Unfurnished,6670,10278000
HP100650,South Suburbs,Apartment,1347,5,3.5,3,0,2,12.4,10,6,6,Furnished,6895,9288000
HP100651,West End,Villa,1933,5,4.0,3,28,2,6.7,7,7,7,Furnished,7942,15351000
HP100652,Northside,Apartment,1471,2,2.0,2,25,2,8.0,5,9,6,Semi-Furnished,6669,9810000
HP100653,East Beach,Independent House,1111,3,2.5,3,5,1,5.2,3,8,7,Unfurnished,9582,10646000
HP100654,South Suburbs,Apartment,1880,4,2.5,4,2,2,9.5,4,5,6,Unfurnished,5543,10421000
HP100655,West End,Villa,1515,2,2.0,4,14,2,2.2,6,6,8,Semi-Furnished,8040,12181000
HP100656,West End,Apartment,1819,3,2.5,3,0,2,14.2,3,6,7,Semi-Furnished,7234,13159000
HP100657,Northside,Apartment,1300,2,2.0,2,24,1,11.6,5,6,5,Furnished,6285,8171000
HP100658,Northside,Apartment,885,2,1.0,4,8,1,2.2,8,4,6,Semi-Furnished,7398,6547000
HP100659,Downtown,Independent House,2504,4,3.0,4,27,2,3.8,5,10,8,Furnished,8155,20419000
HP100660,East Beach,Townhouse,2401,4,3.5,1,5,2,8.7,3,6,7,Unfurnished,7486,17973000
HP100661,Downtown,Apartment,2036,4,3.5,2,11,2,5.6,10,6,10,Semi-Furnished,8740,17795000
HP100662,Northside,Apartment,1337,3,2.0,3,23,1,9.2,9,4,6,Unfurnished,5715,7641000
HP100663,Downtown,Townhouse,1385,4,3.0,3,9,2,5.6,6,8,8,Semi-Furnished,10173,14090000
HP100664,East Beach,Villa,2310,4,2.5,3,14,2,13.1,8,7,7,Unfurnished,7833,18095000
HP100665,West End,Apartment,1355,4,3.0,3,22,2,7.0,4,6,7,Unfurnished,7741,10489000
HP100666,Northside,Apartment,1202,1,1.0,1,7,1,16.7,7,7,7,Furnished,7196,8650000
HP100667,West End,Independent House,2580,4,3.0,1,1,3,9.4,4,8,7,Semi-Furnished,7522,19406000
HP100668,South Suburbs,Independent House,1524,3,2.5,4,0,2,1.6,2,6,5,Unfurnished,7106,10830000
HP100669,South Suburbs,Villa,2523,4,2.5,3,17,2,15.3,10,4,5,Unfurnished,5129,12941000
HP100670,Downtown,Townhouse,781,1,1.0,3,15,1,11.4,2,5,9,Semi-Furnished,9042,7062000
HP100671,South Suburbs,Villa,1835,3,2.5,2,22,2,8.5,6,5,5,Semi-Furnished,6009,11027000
HP100672,Northside,Apartment,2689,5,4.5,2,10,3,9.6,6,7,6,Unfurnished,5827,15668000
HP100673,Northside,Villa,1566,2,1.5,2,0,1,2.2,6,8,4,Semi-Furnished,7446,11660000
HP100674,Downtown,Apartment,1405,3,2.0,3,0,1,0.5,5,9,8,Unfurnished,9883,13886000
HP100675,Northside,Apartment,908,2,1.5,3,38,1,6.8,5,5,6,Semi-Furnished,6894,6260000
HP100676,Northside,Apartment,2145,5,3.5,1,17,3,12.5,5,8,5,Semi-Furnished,5886,12625000
HP100677,West End,Apartment,1126,2,2.0,2,13,1,8.6,6,6,7,Unfurnished,7614,8573000
HP100678,Downtown,Independent House,1498,2,1.5,4,15,1,13.8,5,10,8,Unfurnished,8575,12845000
HP100679,West End,Apartment,871,1,1.0,3,0,0,12.3,5,9,8,Unfurnished,8948,7794000
HP100680,South Suburbs,Apartment,2406,5,4.5,4,5,2,7.1,2,10,6,Unfurnished,6156,14811000
HP100681,Northside,Independent House,2185,3,3.0,3,28,2,11.7,9,8,5,Semi-Furnished,6069,13261000
HP100682,Downtown,Villa,1533,2,1.0,2,18,2,13.1,6,8,9,Furnished,9655,14801000
HP100683,South Suburbs,Independent House,915,2,2.0,4,5,1,6.7,5,6,6,Furnished,9880,9040000
HP100684,South Suburbs,Independent House,2395,3,2.5,3,1,2,6.1,4,6,5,Semi-Furnished,6420,15376000
HP100685,Downtown,Independent House,1349,4,3.0,1,7,2,7.6,3,6,7,Semi-Furnished,9813,13238000
HP100686,South Suburbs,Apartment,942,2,2.0,2,9,1,0.5,7,8,4,Semi-Furnished,7640,7197000
HP100687,West End,Villa,581,1,1.0,3,30,0,8.1,5,9,7,Furnished,10024,5824000
HP100688,West End,Villa,1195,2,2.5,2,10,1,9.9,6,6,6,Unfurnished,7977,9532000
HP100689,West End,Apartment,750,2,2.0,2,1,1,7.6,2,6,7,Unfurnished,10240,7680000
HP100690,Northside,Apartment,1207,2,1.5,4,11,1,8.4,8,5,6,Semi-Furnished,7382,8910000
HP100691,South Suburbs,Apartment,1959,3,2.0,2,14,1,6.8,7,7,5,Unfurnished,5691,11148000
HP100692,Northside,Villa,1344,3,1.5,2,0,1,0.5,5,9,6,Semi-Furnished,8607,11568000
HP100693,South Suburbs,Apartment,1746,2,1.5,1,16,2,13.7,6,9,4,Furnished,5293,9242000
HP100694,South Suburbs,Apartment,1152,1,1.0,2,23,2,5.5,7,9,5,Furnished,7597,8752000
HP100695,Downtown,Independent House,1586,2,1.0,4,13,1,4.5,2,8,8,Unfurnished,8120,12879000
HP100696,East Beach,Townhouse,2606,5,4.0,2,5,2,12.4,9,7,7,Semi-Furnished,8009,20871000
HP100697,Northside,Apartment,1358,3,3.0,2,7,1,10.9,6,9,6,Semi-Furnished,7782,10568000
HP100698,West End,Townhouse,1761,4,3.0,3,0,2,8.1,3,5,6,Semi-Furnished,7313,12878000
HP100699,Downtown,Apartment,689,1,1.0,4,11,1,10.1,3,6,9,Semi-Furnished,9318,6420000
HP100700,Downtown,Townhouse,2386,5,4.0,4,15,3,2.4,7,10,8,Unfurnished,8395,20030000
HP100701,West End,Townhouse,1288,2,1.5,2,4,1,6.7,5,5,8,Furnished,8567,11034000
HP100702,Northside,Apartment,2128,3,2.0,1,29,2,12.2,6,7,6,Furnished,5427,11548000
HP100703,Downtown,Independent House,1482,3,2.0,3,19,1,4.3,5,8,8,Semi-Furnished,9824,14559000
HP100704,Downtown,Townhouse,1886,4,3.0,2,0,2,3.0,3,7,8,Semi-Furnished,8997,16969000
HP100705,Downtown,Townhouse,1919,3,2.5,2,0,3,7.3,6,9,9,Semi-Furnished,9382,18004000
HP100706,West End,Townhouse,1301,3,2.5,1,3,1,7.4,5,9,7,Semi-Furnished,9208,11980000
HP100707,Downtown,Villa,2151,4,3.0,4,26,2,9.6,5,8,9,Unfurnished,8727,18771000
HP100708,West End,Apartment,1133,2,1.0,1,20,0,1.5,10,9,8,Semi-Furnished,8162,9247000
HP100709,West End,Independent House,1978,4,3.5,2,27,2,0.5,7,6,6,Unfurnished,7107,14057000
HP100710,West End,Villa,1335,2,1.5,2,12,2,10.7,7,7,7,Furnished,7827,10449000
HP100711,Northside,Villa,1742,3,3.5,1,10,2,2.7,10,10,6,Semi-Furnished,8154,14205000
HP100712,West End,Apartment,1296,2,1.5,4,1,1,4.6,6,10,7,Semi-Furnished,9114,11812000
HP100713,Northside,Villa,1577,2,2.0,3,15,2,0.5,5,5,6,Semi-Furnished,7304,11519000
HP100714,Northside,Apartment,959,2,3.0,3,10,1,11.1,4,7,6,Furnished,9807,9405000
HP100715,South Suburbs,Independent House,1686,4,3.0,1,10,2,8.4,4,7,5,Unfurnished,6790,11448000
HP100716,Northside,Apartment,1574,3,2.5,1,27,2,8.2,1,8,6,Unfurnished,5860,9224000
HP100717,West End,Independent House,1253,2,1.5,1,11,0,8.2,7,9,6,Unfurnished,8256,10345000
HP100718,West End,Independent House,1520,3,3.0,3,24,1,0.5,2,10,7,Semi-Furnished,7443,11314000
HP100719,East Beach,Villa,1624,4,2.5,3,0,1,3.1,7,7,7,Furnished,9297,15098000
HP100720,West End,Villa,1211,1,1.0,4,36,1,5.2,5,9,7,Unfurnished,6656,8061000
HP100721,Downtown,Apartment,1479,3,2.0,4,9,2,4.0,5,8,8,Furnished,9358,13841000
HP100722,South Suburbs,Townhouse,997,1,1.0,2,18,1,5.9,5,7,5,Unfurnished,6356,6337000
HP100723,South Suburbs,Independent House,2840,5,3.0,1,20,3,8.0,8,4,5,Semi-Furnished,5688,16155000
HP100724,Downtown,Apartment,2133,4,3.5,1,8,1,11.0,8,9,8,Unfurnished,8168,17422000
HP100725,Northside,Apartment,1700,5,3.5,4,19,1,1.1,5,8,6,Semi-Furnished,6841,11629000
HP100726,Downtown,Apartment,2195,5,3.5,4,20,3,7.0,3,8,9,Semi-Furnished,8716,19132000
HP100727,Northside,Villa,550,2,2.5,3,6,0,9.8,7,6,6,Semi-Furnished,9293,5111000
HP100728,Downtown,Townhouse,550,1,1.0,1,6,1,3.3,3,10,8,Unfurnished,14207,7814000
HP100729,West End,Independent House,1330,1,1.0,4,12,1,6.2,2,7,6,Furnished,7653,10178000
HP100730,Northside,Apartment,792,2,2.0,4,11,1,8.9,6,5,6,Furnished,8631,6836000
HP100731,Northside,Townhouse,1420,2,2.0,1,25,1,7.0,8,5,6,Semi-Furnished,6654,9449000
HP100732,West End,Apartment,1663,3,1.5,4,18,2,9.7,4,8,6,Semi-Furnished,6826,11352000
HP100733,South Suburbs,Townhouse,2056,4,3.5,3,11,2,7.4,6,8,4,Furnished,6442,13245000
HP100734,Northside,Apartment,924,1,1.0,4,17,2,5.8,4,6,5,Unfurnished,6193,5722000
HP100735,East Beach,Villa,1770,4,3.0,3,0,2,2.3,7,8,7,Furnished,9017,15960000
HP100736,Northside,Townhouse,1558,2,1.5,1,6,1,8.0,7,8,7,Unfurnished,7067,11011000
HP100737,Northside,Apartment,1741,3,1.5,3,15,1,7.4,4,7,6,Furnished,6029,10496000
HP100738,East Beach,Independent House,1264,2,2.0,1,22,2,3.0,3,6,6,Unfurnished,7759,9807000
HP100739,Northside,Townhouse,2311,4,2.5,2,14,3,9.3,2,8,6,Unfurnished,6542,15119000
HP100740,South Suburbs,Apartment,1493,3,2.5,4,25,1,12.1,7,8,5,Semi-Furnished,6425,9592000
HP100741,South Suburbs,Apartment,2526,4,3.0,4,20,2,4.4,2,8,6,Semi-Furnished,5724,14458000
HP100742,Northside,Independent House,1115,2,2.0,2,8,1,4.1,6,6,6,Furnished,9174,10229000
HP100743,Northside,Apartment,1959,4,2.5,2,11,2,3.9,7,5,6,Furnished,6723,13171000
HP100744,East Beach,Apartment,1517,2,2.5,2,16,2,0.5,4,7,8,Unfurnished,8486,12874000
HP100745,Northside,Villa,1370,2,2.0,1,8,2,15.0,5,8,6,Unfurnished,7642,10470000
HP100746,East Beach,Independent House,1898,4,3.0,3,26,2,5.2,7,9,7,Semi-Furnished,8829,16757000
HP100747,West End,Apartment,1385,2,1.0,2,2,2,3.6,3,8,6,Semi-Furnished,7323,10143000
HP100748,East Beach,Apartment,550,1,1.0,1,15,1,2.5,3,6,6,Semi-Furnished,11149,6132000
HP100749,East Beach,Independent House,550,1,1.0,3,19,1,5.4,4,6,9,Furnished,11518,6335000
HP100750,Downtown,Villa,2250,4,3.0,3,9,3,4.2,8,7,7,Furnished,9007,20265000
HP100751,South Suburbs,Independent House,2227,5,4.5,3,7,1,12.8,9,7,6,Unfurnished,5828,12979000
HP100752,Downtown,Apartment,2588,5,3.5,4,11,3,2.0,5,9,8,Semi-Furnished,7901,20448000
HP100753,Downtown,Townhouse,1540,3,2.0,3,19,2,0.8,3,6,7,Semi-Furnished,8053,12401000
HP100754,South Suburbs,Independent House,839,2,2.0,3,8,1,9.2,7,6,5,Semi-Furnished,8793,7377000
HP100755,West End,Apartment,1319,2,1.5,1,2,0,6.6,1,10,6,Unfurnished,7728,10193000
HP100756,West End,Townhouse,1556,3,2.5,2,22,1,6.1,6,9,7,Semi-Furnished,8649,13458000
HP100757,Northside,Villa,996,2,2.0,2,16,1,9.2,5,6,7,Semi-Furnished,8540,8506000
HP100758,East Beach,Apartment,2457,4,3.0,4,21,3,7.5,8,9,7,Unfurnished,7450,18304000
HP100759,Downtown,Apartment,2782,6,4.5,2,19,3,6.8,8,5,7,Furnished,7838,21804000
HP100760,Northside,Independent House,1813,3,2.5,3,32,2,1.4,3,6,5,Semi-Furnished,6467,11724000
HP100761,Downtown,Apartment,1544,3,1.5,3,22,2,0.5,5,7,7,Semi-Furnished,8396,12963000
HP100762,West End,Apartment,838,1,1.0,1,5,1,4.2,4,7,6,Semi-Furnished,9646,8083000
HP100763,South Suburbs,Apartment,2401,6,4.5,4,16,2,2.7,4,8,5,Furnished,5884,14127000
HP100764,South Suburbs,Apartment,1592,3,3.0,3,7,2,8.1,6,7,4,Unfurnished,5117,8147000
HP100765,East Beach,Apartment,1391,1,1.5,1,8,2,0.5,4,8,7,Unfurnished,8353,11619000
HP100766,Northside,Villa,1815,2,1.5,1,0,2,5.2,5,6,6,Semi-Furnished,6495,11789000
HP100767,Northside,Apartment,1228,3,3.0,4,9,1,6.3,7,8,6,Semi-Furnished,8706,10691000
HP100768,West End,Apartment,1631,4,3.0,2,17,2,6.8,8,7,6,Unfurnished,7086,11557000
HP100769,Downtown,Villa,757,1,1.0,1,11,1,8.6,6,5,8,Furnished,10803,8178000
HP100770,East Beach,Apartment,2148,5,3.5,3,2,3,5.7,5,8,8,Unfurnished,9041,19419000
HP100771,Northside,Independent House,1493,3,2.5,1,0,3,4.3,3,7,6,Unfurnished,7938,11852000
HP100772,South Suburbs,Apartment,2187,4,3.0,1,31,3,12.0,8,6,5,Semi-Furnished,5129,11217000
HP100773,Downtown,Apartment,1439,3,3.0,4,15,1,5.7,6,6,7,Furnished,9142,13155000
HP100774,Northside,Apartment,1475,3,3.5,1,5,2,12.7,5,6,6,Furnished,7662,11302000
HP100775,South Suburbs,Villa,883,2,2.0,4,16,1,5.7,5,7,5,Semi-Furnished,9393,8294000
HP100776,South Suburbs,Apartment,1968,4,4.0,3,32,2,6.9,6,10,5,Semi-Furnished,5376,10579000
HP100777,West End,Independent House,1068,2,1.0,2,18,2,6.4,7,10,8,Semi-Furnished,9787,10452000
HP100778,Downtown,Apartment,1282,2,1.0,2,0,0,7.9,7,3,8,Semi-Furnished,8401,10770000
HP100779,East Beach,Villa,1551,4,3.0,2,36,2,5.3,9,8,7,Unfurnished,8108,12575000
HP100780,South Suburbs,Villa,1617,3,2.5,3,0,3,7.4,6,8,6,Semi-Furnished,7662,12389000
HP100781,South Suburbs,Apartment,612,2,1.5,4,10,1,13.1,9,7,7,Furnished,8319,5091000
HP100782,Northside,Villa,1423,3,1.5,2,2,2,11.2,7,8,6,Semi-Furnished,8620,12266000
HP100783,Downtown,Apartment,1987,4,3.5,3,5,2,11.2,5,9,7,Semi-Furnished,8350,16592000
HP100784,Downtown,Apartment,1342,3,3.5,3,15,1,1.6,1,5,8,Semi-Furnished,8649,11607000
HP100785,West End,Apartment,1426,3,3.0,1,0,2,2.3,5,7,6,Semi-Furnished,8271,11794000
HP100786,West End,Independent House,1639,4,3.5,4,11,2,7.9,8,10,5,Unfurnished,8085,13252000
HP100787,Downtown,Townhouse,1481,3,2.5,4,22,2,10.1,3,5,9,Semi-Furnished,8984,13305000
HP100788,Northside,Apartment,983,1,1.0,1,4,1,4.9,5,7,7,Furnished,7673,7543000
HP100789,West End,Villa,1530,3,2.5,2,0,2,4.2,5,6,6,Unfurnished,8203,12550000
HP100790,Downtown,Independent House,2097,4,4.0,4,11,2,12.6,7,9,7,Semi-Furnished,8510,17845000
HP100791,Downtown,Apartment,972,2,1.5,4,9,0,9.7,4,9,8,Unfurnished,8880,8631000
HP100792,West End,Independent House,1344,4,3.0,1,7,2,11.2,3,7,6,Unfurnished,8449,11355000
HP100793,Northside,Independent House,790,1,1.5,4,1,2,5.2,6,7,6,Furnished,10104,7982000
HP100794,South Suburbs,Townhouse,2068,5,4.5,2,17,2,4.9,3,4,5,Semi-Furnished,5551,11480000
HP100795,West End,Townhouse,1499,2,1.5,2,17,2,10.8,1,9,6,Semi-Furnished,7284,10918000
HP100796,East Beach,Apartment,1082,2,1.5,2,2,1,5.9,9,6,7,Unfurnished,10046,10870000
HP100797,South Suburbs,Apartment,1601,5,3.5,3,4,2,4.6,7,7,6,Furnished,7575,12127000
HP100798,West End,Villa,888,1,1.0,1,13,1,3.3,9,8,7,Unfurnished,9889,8781000
HP100799,East Beach,Apartment,982,1,1.5,3,3,2,5.0,7,7,7,Semi-Furnished,9554,9382000
HP100800,West End,Apartment,747,1,1.0,1,14,2,10.5,6,9,7,Unfurnished,8552,6388000
HP100801,Downtown,Townhouse,963,1,1.5,1,25,1,1.0,6,8,9,Unfurnished,10600,10208000
HP100802,East Beach,Apartment,2297,5,4.0,4,11,3,9.5,5,7,8,Semi-Furnished,7814,17948000
HP100803,West End,Villa,1147,2,2.5,2,1,2,4.2,6,7,8,Unfurnished,8682,9958000
HP100804,South Suburbs,Independent House,1806,4,3.0,4,16,2,6.2,4,5,4,Semi-Furnished,6526,11786000
HP100805,Northside,Apartment,1090,1,1.0,3,10,1,6.4,3,7,7,Unfurnished,7529,8207000
HP100806,Northside,Villa,1968,3,2.5,4,11,2,6.1,4,9,6,Semi-Furnished,7306,14378000
HP100807,West End,Townhouse,986,2,1.5,1,16,1,5.9,8,6,6,Furnished,6955,6858000
HP100808,Downtown,Villa,1572,2,1.0,4,18,2,5.2,2,6,10,Semi-Furnished,8866,13938000
HP100809,East Beach,Apartment,1579,4,3.0,4,12,3,4.7,2,6,9,Unfurnished,8860,13990000
HP100810,South Suburbs,Apartment,2830,4,3.0,2,11,3,12.3,6,7,5,Semi-Furnished,5335,15097000
HP100811,Downtown,Townhouse,1897,3,1.5,1,31,2,7.1,4,9,8,Furnished,8102,15370000
HP100812,South Suburbs,Apartment,1224,3,2.5,1,23,1,6.5,6,8,5,Unfurnished,6798,8321000
HP100813,Northside,Villa,1927,3,1.5,3,20,2,4.4,7,4,6,Unfurnished,6412,12355000
HP100814,East Beach,Apartment,2726,4,3.0,1,13,3,5.4,6,8,7,Furnished,7631,20803000
HP100815,Northside,Apartment,654,3,2.5,1,3,2,4.4,4,6,5,Unfurnished,10677,6983000
HP100816,South Suburbs,Townhouse,1087,1,1.0,3,22,1,10.1,8,8,7,Semi-Furnished,6816,7409000
HP100817,Downtown,Villa,1420,3,2.0,3,13,2,4.0,7,7,8,Furnished,10504,14916000
HP100818,Downtown,Townhouse,1321,2,1.5,4,7,2,0.5,5,6,8,Unfurnished,9153,12091000
HP100819,Northside,Apartment,1367,3,2.0,4,10,1,7.2,5,7,5,Semi-Furnished,6437,8800000
HP100820,South Suburbs,Villa,833,2,1.5,2,3,0,5.9,6,6,5,Semi-Furnished,9208,7670000
HP100821,Downtown,Townhouse,2322,4,3.0,2,22,3,4.7,4,7,7,Semi-Furnished,8027,18639000
HP100822,Northside,Apartment,768,1,1.0,1,18,1,10.6,1,6,5,Furnished,7621,5853000
HP100823,Downtown,Apartment,1440,3,2.5,1,14,2,0.5,7,5,7,Unfurnished,9083,13080000
HP100824,Northside,Townhouse,2125,5,4.0,2,12,2,13.3,7,8,7,Semi-Furnished,6939,14746000
HP100825,Northside,Apartment,1533,2,1.5,4,6,2,11.2,1,9,5,Furnished,6626,10157000
HP100826,Downtown,Villa,1011,3,3.5,4,0,0,4.5,6,8,7,Unfurnished,11476,11602000
HP100827,Northside,Townhouse,808,1,1.0,4,0,1,5.2,9,6,5,Furnished,9818,7933000
HP100828,South Suburbs,Apartment,1424,3,2.5,2,5,1,9.0,3,6,5,Unfurnished,5386,7669000
HP100829,South Suburbs,Apartment,1134,1,1.0,3,4,1,9.1,5,6,5,Semi-Furnished,6243,7080000
HP100830,Downtown,Apartment,1663,2,1.5,3,15,2,4.5,5,8,9,Unfurnished,9382,15602000
HP100831,East Beach,Apartment,779,1,1.5,1,19,0,0.5,9,6,7,Semi-Furnished,8257,6432000
HP100832,East Beach,Apartment,1997,3,2.0,2,11,1,15.5,7,8,7,Furnished,7453,14884000
HP100833,West End,Independent House,1614,3,2.0,3,25,2,10.8,3,8,7,Furnished,7550,12185000
HP100834,Downtown,Apartment,1654,3,2.0,2,5,2,7.6,6,9,8,Furnished,9304,15388000
HP100835,South Suburbs,Independent House,2343,5,3.5,2,11,2,7.7,10,9,7,Semi-Furnished,6356,14893000
HP100836,Northside,Apartment,1309,2,1.0,2,12,2,9.5,4,8,6,Furnished,7341,9610000
HP100837,South Suburbs,Apartment,1151,2,1.5,1,22,1,10.0,5,5,6,Semi-Furnished,5442,6264000
HP100838,Downtown,Apartment,1249,2,2.0,4,13,2,0.5,6,8,9,Furnished,9268,11576000
HP100839,Downtown,Independent House,1444,3,2.5,4,13,1,5.6,4,7,8,Semi-Furnished,9737,14060000
HP100840,South Suburbs,Villa,1500,3,3.0,4,0,1,5.2,9,6,5,Furnished,8102,12153000
HP100841,East Beach,Apartment,1093,2,2.0,4,4,1,6.4,4,9,7,Unfurnished,8650,9454000
HP100842,Northside,Townhouse,550,1,1.0,2,22,2,10.1,2,7,6,Semi-Furnished,8409,4625000
HP100843,South Suburbs,Villa,1241,2,2.5,1,0,1,0.5,4,6,5,Semi-Furnished,7720,9580000
HP100844,Downtown,Apartment,1748,3,2.5,2,24,2,1.6,6,9,8,Unfurnished,7684,13431000
HP100845,Downtown,Townhouse,1625,4,3.0,4,16,2,4.3,3,6,7,Unfurnished,8908,14475000
HP100846,Downtown,Apartment,2210,5,4.0,1,5,2,7.6,6,6,9,Furnished,8865,19592000
HP100847,Downtown,Apartment,2626,4,4.0,3,5,2,10.3,6,5,9,Semi-Furnished,7696,20209000
HP100848,Downtown,Villa,1968,3,2.5,1,29,2,13.5,2,6,7,Unfurnished,7475,14710000
HP100849,South Suburbs,Apartment,2310,4,3.0,2,25,3,5.9,4,6,5,Semi-Furnished,5337,12329000
HP100850,Northside,Apartment,1972,3,2.5,1,11,2,10.3,6,8,5,Semi-Furnished,6338,12499000
HP100851,South Suburbs,Independent House,2490,5,3.5,1,13,2,9.8,7,5,6,Semi-Furnished,5527,13763000
HP100852,South Suburbs,Apartment,2568,5,4.0,1,6,3,9.2,4,4,5,Furnished,5791,14871000
HP100853,South Suburbs,Independent House,2073,5,4.0,3,13,2,6.9,5,7,5,Furnished,6225,12904000
HP100854,East Beach,Townhouse,1939,5,3.5,3,6,2,5.4,4,6,7,Semi-Furnished,8586,16649000
HP100855,East Beach,Villa,1437,4,3.5,2,11,1,2.7,7,7,7,Semi-Furnished,9248,13289000
HP100856,South Suburbs,Independent House,1527,3,1.5,4,28,2,2.5,6,9,6,Semi-Furnished,6145,9384000
HP100857,East Beach,Independent House,1364,2,2.0,2,11,1,8.4,4,7,8,Furnished,8916,12162000
HP100858,Downtown,Townhouse,1892,4,3.0,3,3,2,6.8,6,9,9,Unfurnished,9124,17263000
HP100859,Northside,Apartment,1154,2,3.0,3,0,1,5.3,4,7,5,Unfurnished,7725,8915000
HP100860,South Suburbs,Apartment,1445,4,3.0,3,13,1,9.7,6,9,5,Furnished,6581,9510000
HP100861,South Suburbs,Villa,550,1,1.0,4,5,0,6.2,6,6,5,Furnished,11749,6462000
HP100862,South Suburbs,Villa,2498,5,3.0,4,14,2,3.3,10,7,5,Semi-Furnished,6319,15786000
HP100863,Downtown,Apartment,1429,3,3.0,3,0,2,5.9,4,6,7,Semi-Furnished,9742,13922000
HP100864,Northside,Villa,1801,5,3.5,4,18,2,10.3,5,6,5,Semi-Furnished,7192,12952000
HP100865,South Suburbs,Apartment,2352,4,2.5,3,2,2,2.9,4,7,6,Semi-Furnished,5790,13617000
HP100866,Northside,Townhouse,1715,4,3.5,2,12,1,7.8,3,5,5,Unfurnished,6028,10338000
HP100867,South Suburbs,Apartment,2344,4,3.5,4,9,2,6.8,4,7,5,Unfurnished,5149,12069000
HP100868,South Suburbs,Apartment,867,1,1.5,1,27,0,4.0,6,7,5,Semi-Furnished,6386,5537000
HP100869,West End,Apartment,2869,5,4.0,2,14,3,5.8,7,7,6,Semi-Furnished,6732,19313000
HP100870,Downtown,Apartment,2148,3,2.5,1,30,1,0.7,6,5,8,Semi-Furnished,7108,15268000
HP100871,West End,Apartment,1665,4,3.0,4,17,2,7.4,4,8,7,Unfurnished,7416,12347000
HP100872,East Beach,Apartment,2334,4,3.5,4,25,2,1.5,4,10,8,Furnished,7646,17845000
HP100873,Downtown,Apartment,907,2,2.0,4,10,1,11.3,3,9,8,Semi-Furnished,10733,9735000
HP100874,Downtown,Apartment,1391,3,3.0,1,15,2,6.6,4,10,8,Furnished,10001,13911000
HP100875,Northside,Apartment,2344,4,3.0,2,23,2,4.7,2,7,5,Unfurnished,5071,11886000
HP100876,West End,Apartment,550,1,1.0,2,20,1,11.6,8,6,7,Semi-Furnished,10460,5753000
HP100877,West End,Apartment,1858,3,2.5,1,17,2,2.9,9,8,6,Furnished,7383,13717000
HP100878,Northside,Apartment,1843,3,2.5,3,9,2,4.0,1,7,6,Semi-Furnished,6345,11693000
HP100879,West End,Apartment,2633,6,3.5,1,11,2,0.5,6,4,7,Unfurnished,6585,17337000
HP100880,Northside,Apartment,679,2,1.0,3,22,1,12.2,6,8,6,Unfurnished,7856,5334000
HP100881,Downtown,Apartment,2435,5,4.0,3,24,3,14.5,5,7,8,Unfurnished,7399,18017000
HP100882,South Suburbs,Independent House,1242,2,2.5,3,7,0,0.5,4,5,6,Semi-Furnished,6849,8506000
HP100883,West End,Townhouse,1304,2,1.0,4,5,1,3.7,7,6,6,Semi-Furnished,7610,9924000
HP100884,Downtown,Townhouse,878,2,1.5,4,4,0,7.3,6,7,8,Unfurnished,9994,8775000
HP100885,South Suburbs,Villa,952,2,1.5,2,19,1,4.9,7,7,6,Semi-Furnished,9294,8848000
HP100886,Northside,Villa,1772,4,3.0,3,4,2,6.9,3,7,7,Unfurnished,7655,13565000
HP100887,Downtown,Apartment,938,1,1.0,4,19,1,6.5,2,9,10,Semi-Furnished,11279,10580000
HP100888,Downtown,Independent House,1957,3,2.0,4,17,2,8.6,6,5,8,Semi-Furnished,8188,16023000
HP100889,Downtown,Independent House,1185,3,2.0,3,7,2,3.2,3,7,7,Unfurnished,10413,12339000
HP100890,East Beach,Independent House,883,1,1.0,1,26,0,7.8,7,6,8,Unfurnished,7819,6904000
HP100891,Downtown,Townhouse,1260,3,2.5,2,0,1,2.5,1,9,9,Unfurnished,10335,13022000
HP100892,Northside,Apartment,1735,3,2.0,4,27,2,5.4,4,6,5,Unfurnished,5745,9968000
HP100893,West End,Independent House,1397,1,1.5,1,15,1,0.5,4,6,7,Semi-Furnished,7273,10160000
HP100894,South Suburbs,Independent House,1569,3,2.0,3,0,1,5.4,4,9,7,Unfurnished,7155,11226000
HP100895,Northside,Apartment,1933,3,2.0,3,26,3,4.7,6,9,6,Unfurnished,6330,12236000
HP100896,Northside,Townhouse,2145,5,4.0,1,21,1,10.8,6,9,7,Furnished,7020,15058000
HP100897,West End,Apartment,1379,2,1.5,2,8,1,6.8,6,5,8,Furnished,7039,9707000
HP100898,Downtown,Townhouse,976,3,3.0,4,3,1,7.5,7,8,10,Unfurnished,12142,11851000
HP100899,Downtown,Independent House,1592,4,2.5,3,0,3,6.9,5,7,8,Semi-Furnished,10082,16050000
HP100900,Northside,Apartment,1809,3,2.0,4,34,2,0.5,10,7,7,Semi-Furnished,6154,11132000
HP100901,Downtown,Independent House,747,1,1.0,2,4,1,0.5,8,7,8,Furnished,12594,9408000
HP100902,Downtown,Apartment,1060,2,1.5,4,1,1,5.7,4,9,8,Furnished,10886,11539000
HP100903,East Beach,Independent House,1154,1,1.0,3,14,1,8.1,5,9,7,Unfurnished,7205,8314000
HP100904,South Suburbs,Independent House,1436,4,2.5,4,0,2,6.1,4,8,4,Unfurnished,7455,10705000
HP100905,West End,Villa,1131,2,2.0,2,3,1,3.5,6,7,5,Semi-Furnished,10172,11505000
HP100906,Northside,Townhouse,1939,4,3.0,2,21,2,6.0,3,10,6,Furnished,6114,11856000
HP100907,West End,Apartment,667,1,1.0,1,16,1,5.7,3,6,7,Furnished,10061,6711000
HP100908,Downtown,Apartment,681,1,1.5,1,9,1,10.1,1,5,7,Unfurnished,9767,6651000
HP100909,East Beach,Apartment,1366,3,2.0,1,12,1,9.9,4,7,9,Semi-Furnished,7799,10653000
HP100910,Downtown,Apartment,1453,4,3.5,1,8,2,4.8,7,7,7,Unfurnished,9547,13872000
HP100911,Northside,Apartment,750,2,1.5,2,11,1,6.8,5,9,6,Semi-Furnished,10255,7691000
HP100912,Downtown,Apartment,1216,2,2.0,4,5,2,8.1,5,6,8,Furnished,8896,10818000
HP100913,East Beach,Apartment,1329,4,3.0,2,7,1,8.7,6,8,8,Semi-Furnished,8978,11932000
HP100914,South Suburbs,Apartment,1334,2,1.0,4,7,1,13.6,3,5,6,Unfurnished,5542,7393000
HP100915,West End,Townhouse,1634,3,2.0,4,5,1,6.9,5,9,7,Semi-Furnished,8299,13561000
HP100916,West End,Apartment,1186,1,1.0,4,21,1,11.7,7,7,7,Semi-Furnished,6507,7717000
HP100917,West End,Townhouse,2363,5,4.0,3,19,2,2.4,6,7,7,Furnished,7249,17129000
HP100918,Northside,Apartment,1819,4,2.5,4,4,2,4.4,7,10,5,Semi-Furnished,7045,12814000
HP100919,East Beach,Apartment,1106,2,1.5,2,1,1,0.5,8,9,8,Furnished,10562,11682000
HP100920,Northside,Villa,1602,3,2.0,3,11,2,7.6,6,5,5,Unfurnished,7391,11840000
HP100921,South Suburbs,Apartment,1618,3,2.5,4,31,2,9.6,3,7,5,Unfurnished,5199,8412000
HP100922,West End,Apartment,2218,4,3.0,1,3,2,0.5,4,10,6,Semi-Furnished,7251,16082000
HP100923,West End,Villa,1220,3,2.5,1,11,0,7.8,9,10,7,Unfurnished,9341,11396000
HP100924,Downtown,Apartment,1972,4,3.5,1,13,2,9.4,6,8,8,Unfurnished,7983,15742000
HP100925,East Beach,Apartment,1573,3,2.5,3,11,1,9.2,5,4,7,Semi-Furnished,7165,11271000
HP100926,South Suburbs,Villa,2370,5,4.0,2,8,2,2.2,3,9,6,Unfurnished,6919,16399000
HP100927,West End,Apartment,2260,4,3.0,2,22,2,10.1,5,6,6,Unfurnished,6639,15004000
HP100928,East Beach,Independent House,1658,3,3.5,4,16,1,7.0,7,9,7,Unfurnished,7740,12833000
HP100929,West End,Apartment,1406,3,2.0,1,20,1,9.4,5,6,6,Unfurnished,6951,9773000
HP100930,West End,Townhouse,1829,3,2.0,1,17,2,6.5,4,8,7,Furnished,7644,13981000
HP100931,West End,Independent House,1451,3,3.0,2,20,1,8.5,4,6,6,Furnished,7119,10329000
HP100932,Northside,Townhouse,2474,4,3.5,4,26,3,11.4,8,6,6,Unfurnished,5752,14231000
HP100933,East Beach,Independent House,1593,2,2.0,3,24,2,6.2,6,8,7,Furnished,7963,12685000
HP100934,Northside,Apartment,1327,1,1.5,3,33,1,8.1,6,5,7,Semi-Furnished,6522,8655000
HP100935,West End,Villa,1297,2,1.0,3,23,1,12.0,6,10,7,Furnished,9056,11746000
HP100936,South Suburbs,Apartment,883,3,3.0,2,6,0,6.5,2,5,5,Semi-Furnished,6995,6177000
HP100937,Downtown,Independent House,1856,3,2.5,2,20,2,2.5,6,5,9,Unfurnished,7869,14605000
HP100938,Downtown,Villa,1099,3,3.0,4,18,1,9.7,7,8,7,Semi-Furnished,10963,12048000
HP100939,West End,Apartment,2154,6,3.5,3,29,2,12.7,4,9,6,Furnished,7002,15082000
HP100940,West End,Townhouse,839,2,2.0,3,3,1,12.2,7,7,7,Semi-Furnished,11033,9257000
HP100941,Northside,Apartment,1620,3,2.0,1,17,2,9.9,6,5,5,Semi-Furnished,5690,9217000
HP100942,West End,Villa,2183,4,3.5,3,6,3,0.5,7,6,5,Unfurnished,7715,16841000
HP100943,South Suburbs,Independent House,550,1,1.0,2,17,0,4.5,5,5,5,Semi-Furnished,8009,4405000
HP100944,West End,Apartment,2660,5,4.0,2,10,2,4.7,7,7,6,Furnished,7011,18649000
HP100945,Downtown,Villa,1316,2,1.0,3,16,2,7.2,2,7,8,Semi-Furnished,9214,12125000
HP100946,Downtown,Independent House,1628,4,3.0,2,0,2,13.8,5,8,8,Semi-Furnished,10316,16794000
HP100947,South Suburbs,Apartment,1864,4,3.0,3,19,2,2.7,7,8,6,Semi-Furnished,6478,12075000
HP100948,Downtown,Villa,1949,3,2.5,1,14,3,16.0,6,8,9,Semi-Furnished,8542,16649000
HP100949,South Suburbs,Apartment,1701,3,3.0,1,13,2,5.5,7,6,5,Semi-Furnished,6149,10459000
HP100950,East Beach,Independent House,2099,4,3.0,3,30,2,3.9,5,6,8,Furnished,7726,16216000
HP100951,Downtown,Apartment,1835,4,2.5,4,9,1,10.4,4,7,8,Furnished,8020,14716000
HP100952,East Beach,Townhouse,2518,6,4.5,4,15,3,10.7,1,7,8,Semi-Furnished,8194,20633000
HP100953,Northside,Townhouse,1837,5,5.0,2,13,2,9.6,4,7,6,Semi-Furnished,7834,14391000
HP100954,West End,Apartment,2631,5,4.5,4,14,3,3.9,6,6,7,Semi-Furnished,6773,17820000
HP100955,Northside,Apartment,2046,4,2.0,2,32,2,9.0,7,8,7,Unfurnished,6155,12593000
HP100956,Northside,Villa,557,1,1.0,4,13,1,2.9,2,5,6,Unfurnished,12862,7164000
HP100957,West End,Independent House,2986,5,4.0,2,7,3,3.8,8,6,8,Unfurnished,7216,21547000
HP100958,Northside,Apartment,1234,2,1.5,1,29,2,6.6,3,9,6,Semi-Furnished,6431,7936000
HP100959,South Suburbs,Apartment,2373,4,3.0,1,9,3,3.7,5,5,5,Unfurnished,5517,13093000
HP100960,West End,Apartment,1565,1,1.0,4,0,2,11.2,4,9,6,Semi-Furnished,6371,9971000
HP100961,Downtown,Townhouse,2134,4,3.5,3,5,2,4.7,6,5,8,Furnished,8852,18890000
HP100962,West End,Villa,1171,2,1.0,1,1,2,6.1,5,5,6,Unfurnished,9309,10901000
HP100963,South Suburbs,Townhouse,1894,4,3.5,4,0,1,3.5,6,5,5,Semi-Furnished,6982,13223000
HP100964,East Beach,Villa,1411,3,2.5,1,9,2,11.2,9,7,7,Furnished,9853,13903000
HP100965,South Suburbs,Townhouse,2418,4,2.5,2,11,2,4.3,6,8,6,Semi-Furnished,6065,14664000
HP100966,West End,Apartment,1791,3,3.0,3,23,2,11.6,4,9,7,Unfurnished,6333,11342000
HP100967,Northside,Apartment,2065,3,1.5,1,18,2,11.3,6,9,5,Semi-Furnished,6026,12444000
HP100968,East Beach,Townhouse,550,1,1.0,4,17,1,5.2,9,8,7,Semi-Furnished,11780,6479000
HP100969,South Suburbs,Townhouse,1503,3,2.0,3,4,2,7.1,6,6,7,Semi-Furnished,7335,11025000
HP100970,Downtown,Apartment,1776,3,3.5,4,20,1,5.1,7,6,9,Unfurnished,7871,13979000
HP100971,East Beach,Apartment,1673,4,3.0,4,25,2,9.2,1,8,8,Semi-Furnished,7975,13342000
HP100972,West End,Villa,2079,3,1.5,4,16,3,6.2,6,9,6,Semi-Furnished,7696,16000000
HP100973,West End,Apartment,1349,2,1.5,1,16,1,5.3,4,5,7,Unfurnished,6969,9401000
HP100974,West End,Apartment,1577,3,2.5,1,1,1,7.2,4,9,7,Semi-Furnished,8034,12669000
HP100975,Downtown,Townhouse,2200,5,4.0,1,21,3,0.7,5,4,8,Unfurnished,8444,18577000
HP100976,East Beach,Apartment,550,1,2.0,1,28,1,6.7,5,8,7,Semi-Furnished,12424,6833000
HP100977,Downtown,Independent House,1874,4,3.5,3,15,2,9.6,4,7,8,Furnished,8801,16494000
HP100978,West End,Apartment,1366,4,3.0,1,7,2,7.6,5,7,6,Unfurnished,8284,11316000
HP100979,East Beach,Apartment,1048,2,1.5,2,11,1,10.8,5,7,7,Semi-Furnished,9547,10005000
HP100980,West End,Independent House,1735,4,4.0,3,8,1,5.5,7,6,6,Semi-Furnished,8186,14203000
HP100981,West End,Apartment,2225,4,3.0,3,9,2,5.2,6,8,6,Semi-Furnished,6378,14190000
HP100982,Northside,Independent House,2122,3,2.0,2,18,2,2.5,6,7,6,Furnished,6426,13635000
HP100983,West End,Apartment,1476,3,2.0,1,15,2,5.4,7,8,5,Semi-Furnished,7738,11421000
HP100984,Northside,Townhouse,2032,3,2.0,1,21,1,14.9,6,9,7,Unfurnished,5940,12071000
HP100985,West End,Independent House,2027,4,3.0,4,15,1,8.1,5,7,8,Furnished,7950,16114000
HP100986,Northside,Townhouse,1502,3,2.5,2,4,1,4.7,1,6,7,Semi-Furnished,8244,12383000
HP100987,Northside,Apartment,1169,3,2.5,3,7,2,3.0,6,5,7,Semi-Furnished,7903,9239000
HP100988,East Beach,Apartment,1201,2,1.5,3,7,1,0.6,3,10,8,Unfurnished,8691,10438000
HP100989,East Beach,Apartment,2011,4,2.5,2,10,2,3.7,5,9,8,Unfurnished,7869,15825000
HP100990,Northside,Villa,1527,3,1.5,3,28,1,10.0,6,8,6,Semi-Furnished,6699,10229000
HP100991,East Beach,Apartment,975,1,1.0,2,30,1,5.3,8,7,7,Unfurnished,8665,8448000
HP100992,West End,Apartment,623,1,1.0,2,20,1,3.2,9,8,7,Unfurnished,8783,5472000
HP100993,Downtown,Apartment,2008,4,3.0,4,13,2,3.6,3,9,9,Furnished,8956,17984000
HP100994,West End,Apartment,1249,2,1.5,2,0,1,9.6,2,6,6,Unfurnished,7995,9986000
HP100995,West End,Apartment,1732,3,2.5,3,14,1,6.7,6,7,7,Unfurnished,7247,12551000
HP100996,Northside,Apartment,2232,4,3.5,3,5,2,4.5,6,5,6,Unfurnished,6478,14458000
HP100997,West End,Apartment,830,3,2.0,1,27,1,5.8,2,7,6,Semi-Furnished,8069,6697000
HP100998,East Beach,Villa,1525,3,2.5,3,0,1,15.8,5,9,8,Semi-Furnished,10029,15294000
HP100999,South Suburbs,Apartment,1456,2,2.0,4,15,2,11.9,6,9,6,Furnished,6334,9223000
HP101000,West End,Apartment,1759,2,1.5,2,4,2,12.9,2,7,6,Unfurnished,6812,11982000
HP101001,South Suburbs,Villa,2232,4,3.0,4,12,2,0.5,3,3,5,Unfurnished,5819,12989000
HP101002,Northside,Independent House,819,2,1.5,1,18,1,6.4,4,6,6,Semi-Furnished,7221,5914000
HP101003,West End,Apartment,1863,4,2.5,1,21,2,4.4,5,7,5,Semi-Furnished,6668,12423000
HP101004,South Suburbs,Villa,2117,4,3.0,4,11,3,9.2,7,7,5,Semi-Furnished,6370,13485000
HP101005,Downtown,Townhouse,1447,3,2.5,4,19,2,11.2,4,7,7,Furnished,8708,12601000
HP101006,South Suburbs,Villa,1474,3,2.5,4,6,1,8.3,5,7,5,Semi-Furnished,6887,10152000
HP101007,South Suburbs,Townhouse,1780,4,2.5,3,14,2,3.5,10,6,6,Semi-Furnished,6905,12291000
HP101008,West End,Independent House,1740,4,3.0,1,21,2,4.4,3,7,7,Furnished,8064,14032000
HP101009,Northside,Apartment,1870,5,4.5,2,15,1,9.5,4,7,6,Unfurnished,6521,12195000
HP101010,West End,Apartment,1859,3,3.5,3,7,2,9.9,6,6,6,Furnished,7048,13103000
HP101011,East Beach,Independent House,1010,1,1.5,1,9,1,7.6,7,10,7,Semi-Furnished,9444,9538000
HP101012,Northside,Townhouse,2095,4,2.5,3,21,2,7.5,6,6,7,Semi-Furnished,6489,13594000
HP101013,East Beach,Villa,2192,5,4.0,1,2,2,7.2,9,4,8,Furnished,9049,19836000
HP101014,East Beach,Apartment,1652,4,3.0,1,4,2,8.1,6,10,8,Semi-Furnished,9521,15728000
HP101015,West End,Villa,728,2,2.0,1,17,1,9.9,1,6,5,Semi-Furnished,8894,6475000
HP101016,South Suburbs,Apartment,1487,4,3.0,1,8,1,9.5,5,8,4,Unfurnished,7248,10778000
HP101017,East Beach,Independent House,1657,4,2.5,1,0,1,7.1,4,6,7,Semi-Furnished,8603,14255000
HP101018,West End,Villa,920,2,1.5,4,24,1,6.8,8,8,6,Semi-Furnished,8583,7896000
HP101019,Downtown,Independent House,1352,2,2.0,4,2,2,6.7,7,7,8,Unfurnished,9057,12245000
HP101020,Downtown,Townhouse,775,2,2.0,3,10,0,3.9,2,9,8,Semi-Furnished,10969,8501000
HP101021,Downtown,Villa,1884,3,2.5,2,6,2,3.8,8,7,9,Semi-Furnished,9403,17715000
HP101022,Downtown,Villa,1641,3,2.5,1,9,2,9.2,7,6,7,Semi-Furnished,8950,14687000
HP101023,South Suburbs,Independent House,645,1,1.0,4,4,1,4.1,4,7,5,Unfurnished,8964,5782000
HP101024,South Suburbs,Independent House,1743,4,3.5,4,18,1,10.3,5,6,5,Semi-Furnished,5897,10279000
HP101025,South Suburbs,Townhouse,1519,3,2.5,4,13,2,6.8,8,4,5,Unfurnished,5730,8704000
HP101026,Downtown,Apartment,1834,4,3.0,2,21,3,10.3,1,6,8,Unfurnished,7503,13761000
HP101027,Downtown,Villa,1335,1,2.0,1,7,1,9.5,6,10,8,Semi-Furnished,10320,13777000
HP101028,East Beach,Apartment,1109,2,2.0,3,31,1,10.4,7,4,7,Unfurnished,8028,8903000
HP101029,West End,Townhouse,1126,3,2.5,2,0,2,5.1,5,7,7,Unfurnished,10537,11865000
HP101030,East Beach,Independent House,1254,4,3.0,2,0,1,8.6,6,7,8,Semi-Furnished,10691,13406000
HP101031,West End,Apartment,1560,3,2.5,2,28,1,10.0,5,10,7,Semi-Furnished,6821,10640000
HP101032,Downtown,Apartment,1631,4,3.0,1,16,2,0.8,3,5,9,Furnished,8723,14227000
HP101033,Northside,Apartment,1445,3,2.5,4,15,1,13.8,3,7,4,Furnished,6679,9651000
HP101034,East Beach,Independent House,1317,3,2.0,1,16,1,16.1,7,8,7,Semi-Furnished,8495,11188000
HP101035,Downtown,Apartment,1357,3,2.5,4,17,0,10.8,4,7,9,Furnished,9047,12277000
HP101036,Northside,Apartment,2929,6,4.0,4,15,3,10.2,2,6,5,Furnished,6360,18629000
HP101037,South Suburbs,Townhouse,1126,2,1.5,1,3,1,9.4,5,7,5,Semi-Furnished,7375,8304000
HP101038,Downtown,Independent House,1243,2,2.0,3,19,1,5.7,4,7,8,Semi-Furnished,10445,12983000
HP101039,West End,Apartment,3362,6,4.5,1,18,3,6.6,2,7,7,Unfurnished,6003,20183000
HP101040,South Suburbs,Apartment,1782,4,2.0,4,25,2,10.9,5,8,5,Semi-Furnished,5777,10294000
HP101041,Northside,Townhouse,791,2,2.0,3,28,1,3.1,7,8,7,Semi-Furnished,9475,7495000
HP101042,South Suburbs,Independent House,2013,4,3.0,1,15,2,2.8,5,8,5,Unfurnished,5970,12018000
HP101043,West End,Villa,1049,2,1.5,4,1,1,5.4,3,7,6,Unfurnished,9770,10249000
HP101044,East Beach,Apartment,2050,4,3.5,4,28,2,9.6,6,8,6,Furnished,7830,16051000
HP101045,Northside,Apartment,1434,3,2.0,4,3,1,3.5,7,9,6,Semi-Furnished,8788,12602000
HP101046,Downtown,Apartment,1308,2,2.0,2,15,1,6.1,10,7,7,Unfurnished,8794,11502000
HP101047,East Beach,Independent House,2435,4,3.0,4,10,2,6.6,8,8,9,Unfurnished,7394,18005000
HP101048,Northside,Apartment,1862,4,2.0,3,8,2,3.0,3,5,6,Semi-Furnished,6748,12565000
HP101049,Northside,Apartment,2085,3,2.5,3,19,3,0.5,7,4,6,Furnished,6510,13574000
HP101050,Downtown,Independent House,1789,4,3.0,2,14,2,2.9,6,10,8,Furnished,9495,16987000
HP101051,West End,Townhouse,1306,4,3.0,2,17,1,8.0,2,6,7,Semi-Furnished,8150,10644000
HP101052,East Beach,Independent House,1886,5,3.5,3,5,1,8.9,6,7,6,Unfurnished,8155,15381000
HP101053,West End,Villa,2215,5,3.5,3,10,2,9.0,9,5,6,Unfurnished,7241,16039000
HP101054,South Suburbs,Villa,1624,4,3.0,1,5,1,9.4,8,5,6,Semi-Furnished,7600,12343000
HP101055,Downtown,Apartment,2541,6,3.5,2,10,2,4.5,3,6,9,Furnished,8581,21805000
HP101056,South Suburbs,Apartment,2018,2,2.5,1,11,2,3.6,5,8,4,Semi-Furnished,5181,10456000
HP101057,West End,Villa,1667,3,2.5,2,29,2,8.5,6,6,5,Semi-Furnished,6775,11294000
HP101058,Northside,Apartment,1688,4,3.0,4,10,3,6.2,1,6,6,Semi-Furnished,6291,10619000
HP101059,West End,Villa,1625,3,2.0,3,0,2,10.6,1,6,7,Semi-Furnished,8691,14123000
HP101060,East Beach,Townhouse,862,2,2.0,1,25,2,8.5,5,9,8,Semi-Furnished,10840,9344000
HP101061,Northside,Townhouse,1500,3,2.0,3,16,2,12.1,5,8,6,Semi-Furnished,6122,9183000
HP101062,Northside,Apartment,1672,3,2.5,1,11,2,5.1,1,6,5,Semi-Furnished,6379,10666000
HP101063,Downtown,Apartment,1321,2,1.5,1,8,1,11.3,6,8,8,Semi-Furnished,8674,11459000
HP101064,Northside,Apartment,1736,3,2.0,4,3,1,15.1,7,7,6,Furnished,6413,11133000
HP101065,Northside,Apartment,1562,3,2.0,1,29,1,7.2,5,6,6,Semi-Furnished,6422,10031000
HP101066,East Beach,Apartment,1976,4,3.0,2,12,2,9.0,5,7,6,Unfurnished,7760,15333000
HP101067,South Suburbs,Apartment,1915,3,2.5,1,0,2,3.3,6,8,6,Unfurnished,6460,12371000
HP101068,Northside,Independent House,1642,4,3.0,3,15,1,10.6,6,6,7,Semi-Furnished,6985,11470000
HP101069,East Beach,Villa,798,2,1.5,3,23,1,11.5,1,8,7,Semi-Furnished,9515,7593000
HP101070,Downtown,Townhouse,2535,6,4.5,4,13,2,5.0,3,10,8,Semi-Furnished,8499,21545000
HP101071,Northside,Apartment,1472,2,2.0,4,4,1,9.3,4,7,6,Semi-Furnished,6577,9681000
HP101072,East Beach,Apartment,1506,2,1.0,3,3,1,8.1,3,7,7,Unfurnished,7660,11536000
HP101073,Northside,Apartment,1362,3,2.5,2,4,1,8.6,8,7,6,Semi-Furnished,7832,10667000
HP101074,West End,Apartment,1281,4,2.5,1,26,1,10.2,6,8,7,Semi-Furnished,6894,8831000
HP101075,West End,Apartment,2399,5,3.5,4,11,2,9.1,3,5,7,Semi-Furnished,6420,15402000
HP101076,Downtown,Townhouse,2312,4,3.0,3,0,3,6.4,5,10,9,Semi-Furnished,8817,20386000
HP101077,Northside,Apartment,1794,4,3.0,1,15,2,10.3,7,8,6,Unfurnished,7203,12923000
HP101078,Downtown,Apartment,1491,3,2.0,3,13,1,11.4,4,6,10,Semi-Furnished,8945,13337000
HP101079,West End,Villa,1891,3,3.0,2,8,1,4.8,7,7,8,Furnished,8084,15287000
HP101080,South Suburbs,Villa,1591,4,3.5,2,3,1,7.0,8,6,5,Furnished,7812,12429000
HP101081,South Suburbs,Villa,1445,3,1.5,2,2,2,0.5,8,7,5,Semi-Furnished,7820,11300000
HP101082,South Suburbs,Apartment,1736,3,1.5,4,22,2,9.3,5,7,4,Unfurnished,5564,9659000
HP101083,South Suburbs,Independent House,1307,3,2.5,1,14,1,11.9,8,7,5,Semi-Furnished,7217,9432000
HP101084,West End,Apartment,1689,4,3.0,4,16,2,6.0,4,5,8,Semi-Furnished,7832,13229000
HP101085,East Beach,Apartment,1662,3,3.0,1,14,3,7.5,10,6,9,Semi-Furnished,7901,13132000
HP101086,South Suburbs,Independent House,1882,3,2.5,1,15,2,6.1,6,9,5,Furnished,6256,11773000
HP101087,South Suburbs,Townhouse,1209,3,2.5,3,8,2,5.5,8,6,6,Unfurnished,7785,9412000
HP101088,South Suburbs,Apartment,1941,2,1.0,1,10,2,7.9,4,3,6,Unfurnished,5171,10036000
HP101089,Northside,Villa,1052,2,2.0,4,22,2,3.9,6,7,7,Unfurnished,10033,10555000
HP101090,Downtown,Apartment,1235,3,2.0,3,25,2,6.1,6,10,7,Unfurnished,8005,9886000
HP101091,West End,Apartment,1259,3,3.0,2,1,0,3.4,3,8,8,Furnished,9090,11444000
HP101092,West End,Apartment,960,3,2.5,2,10,0,9.4,3,6,6,Semi-Furnished,8204,7876000
HP101093,South Suburbs,Independent House,2109,4,2.5,4,20,1,8.0,5,7,4,Unfurnished,5610,11832000
HP101094,East Beach,Apartment,1017,4,3.5,4,29,0,5.3,7,8,7,Semi-Furnished,10466,10644000
HP101095,East Beach,Independent House,1166,2,2.5,3,28,2,7.1,1,4,7,Semi-Furnished,8449,9852000
HP101096,Downtown,Apartment,2240,5,3.5,1,5,3,6.1,4,6,8,Semi-Furnished,7890,17674000
HP101097,South Suburbs,Townhouse,1236,2,2.0,3,23,1,11.6,8,8,4,Unfurnished,6736,8326000
HP101098,Northside,Independent House,1447,3,2.0,1,13,2,5.2,2,9,6,Semi-Furnished,8378,12123000
HP101099,Downtown,Apartment,993,2,1.5,2,21,2,9.5,8,6,9,Unfurnished,9382,9316000
HP101100,West End,Apartment,2008,5,3.0,3,19,2,4.2,3,9,8,Furnished,7008,14072000
HP101101,West End,Apartment,2016,4,3.0,2,1,2,10.3,3,6,7,Unfurnished,6928,13966000
HP101102,West End,Townhouse,1956,5,4.0,4,17,2,11.1,5,3,8,Semi-Furnished,7303,14285000
HP101103,South Suburbs,Apartment,1846,4,4.0,4,21,2,11.3,9,8,5,Furnished,6561,12111000
HP101104,Downtown,Villa,1590,3,1.5,1,12,2,12.9,4,8,8,Unfurnished,8135,12934000
HP101105,East Beach,Apartment,1262,3,2.5,4,10,1,8.2,1,8,6,Unfurnished,7801,9845000
HP101106,Downtown,Independent House,1102,2,2.5,4,0,1,12.0,2,8,8,Furnished,11348,12505000
HP101107,East Beach,Villa,2259,5,3.5,1,18,2,13.5,7,7,8,Semi-Furnished,8396,18966000
HP101108,South Suburbs,Villa,1971,4,3.0,2,14,1,2.5,2,7,6,Semi-Furnished,6665,13137000
HP101109,South Suburbs,Townhouse,1169,2,1.5,4,4,2,4.6,8,7,4,Unfurnished,7884,9216000
HP101110,Downtown,Apartment,1572,3,2.0,1,9,1,1.0,5,6,8,Unfurnished,8753,13759000
HP101111,Northside,Independent House,1385,2,1.0,1,13,2,11.2,5,6,6,Semi-Furnished,7375,10215000
HP101112,East Beach,Apartment,929,2,1.5,3,7,1,1.0,6,4,7,Furnished,9881,9179000
HP101113,Downtown,Villa,1648,2,1.5,4,12,1,0.5,3,5,9,Unfurnished,8884,14641000
HP101114,East Beach,Townhouse,1321,2,2.0,2,0,1,2.6,5,7,7,Furnished,8828,11662000
HP101115,Downtown,Independent House,1026,2,1.5,4,24,2,0.5,2,4,8,Semi-Furnished,9934,10192000
HP101116,West End,Independent House,736,2,1.5,3,12,1,8.1,8,4,6,Unfurnished,8352,6147000
HP101117,South Suburbs,Apartment,690,1,1.0,1,2,0,2.7,3,6,6,Unfurnished,8838,6098000
HP101118,West End,Apartment,1346,3,2.5,2,0,2,0.5,6,7,7,Unfurnished,8397,11303000
HP101119,Northside,Apartment,1503,3,2.0,3,21,1,6.8,3,7,6,Semi-Furnished,6558,9856000
HP101120,West End,Villa,1069,2,1.0,2,17,0,7.1,4,3,9,Semi-Furnished,7734,8268000
HP101121,Downtown,Villa,1908,5,4.0,1,14,2,0.5,4,9,8,Semi-Furnished,9407,17949000
HP101122,Downtown,Apartment,1514,2,2.0,1,20,1,4.1,10,5,9,Unfurnished,8347,12637000
HP101123,East Beach,Apartment,1867,2,2.0,3,20,2,6.7,5,6,7,Semi-Furnished,7336,13697000
HP101124,East Beach,Apartment,1449,3,2.0,4,14,1,5.6,3,5,8,Semi-Furnished,8436,12224000
HP101125,South Suburbs,Apartment,1117,2,1.5,2,10,1,5.7,4,9,6,Semi-Furnished,6560,7328000
HP101126,South Suburbs,Apartment,1613,2,1.0,4,8,2,11.7,2,8,5,Semi-Furnished,5053,8150000
HP101127,South Suburbs,Townhouse,856,2,1.5,3,16,0,15.6,5,6,5,Unfurnished,5611,4803000
HP101128,Northside,Villa,1847,4,3.0,2,25,2,5.7,9,6,7,Semi-Furnished,6802,12564000
HP101129,West End,Apartment,1035,1,1.0,3,11,1,1.7,6,7,6,Semi-Furnished,8957,9270000
HP101130,Northside,Independent House,2055,5,3.5,2,25,3,6.1,7,5,6,Semi-Furnished,7152,14698000
HP101131,West End,Independent House,1364,2,1.5,4,15,2,7.8,3,8,7,Unfurnished,7235,9869000
HP101132,Northside,Apartment,2134,4,3.5,4,15,3,6.8,5,6,6,Semi-Furnished,6896,14715000
HP101133,Northside,Apartment,933,1,1.5,4,34,1,9.4,5,8,5,Semi-Furnished,6889,6427000
HP101134,Northside,Apartment,1177,2,1.5,1,27,1,15.8,3,8,7,Semi-Furnished,5302,6240000
HP101135,Northside,Apartment,1760,3,2.0,1,27,2,0.5,6,6,6,Furnished,6031,10615000
HP101136,Downtown,Independent House,2194,3,2.0,4,5,2,5.0,6,4,9,Furnished,7890,17311000
HP101137,Northside,Townhouse,2467,6,5.0,4,32,3,13.2,6,7,6,Unfurnished,6113,15082000
HP101138,East Beach,Apartment,1573,3,2.5,3,11,1,4.9,5,5,8,Semi-Furnished,8035,12639000
HP101139,Northside,Independent House,2561,5,4.0,1,10,2,10.2,7,7,6,Semi-Furnished,6565,16813000
HP101140,West End,Apartment,1391,3,2.5,4,0,1,9.5,4,7,6,Furnished,7098,9874000
HP101141,South Suburbs,Villa,2154,5,3.5,2,15,3,11.9,4,6,6,Unfurnished,5790,12472000
HP101142,East Beach,Independent House,1032,3,3.0,2,2,1,14.7,8,5,7,Unfurnished,10065,10387000
HP101143,South Suburbs,Apartment,1781,3,2.5,2,16,2,8.3,3,9,5,Semi-Furnished,6103,10870000
HP101144,South Suburbs,Apartment,550,1,1.0,2,2,1,0.5,1,6,6,Unfurnished,7240,3982000
HP101145,East Beach,Villa,933,1,1.0,2,28,0,4.2,3,10,8,Semi-Furnished,8776,8188000
HP101146,West End,Townhouse,1807,4,3.5,2,17,1,15.7,6,7,6,Semi-Furnished,7363,13305000
HP101147,West End,Apartment,828,1,1.0,3,33,0,1.3,8,8,7,Unfurnished,6588,5455000
HP101148,Northside,Apartment,1785,3,3.0,1,3,2,9.0,4,7,6,Semi-Furnished,6785,12112000
HP101149,Northside,Apartment,2049,4,3.0,2,26,2,0.5,9,8,6,Furnished,6267,12841000
HP101150,South Suburbs,Villa,1274,3,2.0,1,0,0,1.6,5,9,6,Furnished,9235,11765000
HP101151,East Beach,Villa,1017,2,2.0,3,14,2,10.5,5,9,7,Semi-Furnished,9003,9156000
HP101152,West End,Independent House,1289,3,2.0,4,6,1,7.1,3,4,7,Unfurnished,7817,10076000
HP101153,West End,Independent House,1019,2,2.0,4,8,1,5.5,9,8,7,Unfurnished,10227,10421000
HP101154,South Suburbs,Townhouse,1494,3,2.5,1,7,2,3.7,5,8,6,Furnished,7734,11555000
HP101155,East Beach,Independent House,1606,2,1.5,3,4,1,0.5,2,7,6,Semi-Furnished,8092,12995000
HP101156,West End,Apartment,1382,4,3.0,1,1,2,9.8,10,10,7,Semi-Furnished,8809,12174000
HP101157,Downtown,Villa,2471,4,3.0,2,8,3,5.9,6,10,7,Furnished,8608,21271000
HP101158,South Suburbs,Apartment,1154,3,2.5,2,13,2,0.9,7,8,6,Unfurnished,6981,8056000
HP101159,East Beach,Apartment,2315,6,5.0,3,22,3,7.1,9,6,7,Semi-Furnished,7729,17892000
HP101160,East Beach,Townhouse,977,2,1.5,2,15,1,9.3,6,5,8,Unfurnished,8836,8633000
HP101161,West End,Independent House,1590,4,3.5,3,22,1,6.2,7,8,6,Unfurnished,7553,12009000
HP101162,West End,Townhouse,2201,2,1.5,3,0,2,7.5,5,9,7,Semi-Furnished,7337,16149000
HP101163,South Suburbs,Apartment,2172,4,3.0,4,8,2,7.2,7,4,5,Semi-Furnished,5326,11569000
HP101164,West End,Villa,1319,3,2.5,1,18,2,4.2,5,9,9,Furnished,8768,11565000
HP101165,West End,Villa,1855,4,2.5,4,15,2,7.2,5,7,7,Semi-Furnished,7530,13968000
HP101166,Downtown,Apartment,1782,3,2.5,4,4,1,9.9,5,4,9,Furnished,8409,14984000
HP101167,Downtown,Apartment,1253,2,1.5,3,20,1,11.1,4,8,10,Semi-Furnished,8700,10901000
HP101168,East Beach,Villa,1889,2,1.5,4,7,2,10.2,6,8,8,Semi-Furnished,8141,15378000
HP101169,South Suburbs,Apartment,2574,5,4.5,1,5,3,4.3,6,6,5,Furnished,5761,14829000
HP101170,South Suburbs,Townhouse,1809,2,1.5,1,16,1,9.5,7,5,5,Semi-Furnished,5034,9107000
HP101171,Northside,Apartment,1861,4,3.0,1,12,1,8.9,6,10,6,Semi-Furnished,6709,12485000
HP101172,Northside,Apartment,1920,4,3.5,4,7,2,4.2,9,6,4,Unfurnished,6404,12295000
HP101173,East Beach,Independent House,746,1,1.0,2,7,0,5.1,7,9,8,Unfurnished,12532,9349000
HP101174,Downtown,Apartment,1803,4,3.5,2,2,2,9.7,5,5,8,Furnished,8875,16002000
HP101175,Downtown,Townhouse,991,2,1.5,3,8,1,12.5,6,8,8,Semi-Furnished,9887,9798000
HP101176,East Beach,Independent House,1226,3,2.5,2,22,2,0.5,8,8,6,Semi-Furnished,10096,12378000
HP101177,East Beach,Apartment,2739,5,3.5,3,14,2,13.6,3,8,7,Unfurnished,7051,19313000
HP101178,Downtown,Independent House,1411,3,2.0,4,21,1,11.7,9,9,7,Semi-Furnished,8421,11882000
HP101179,East Beach,Independent House,1143,1,1.5,2,17,1,7.8,3,6,9,Semi-Furnished,6876,7859000
HP101180,Downtown,Independent House,2184,3,3.0,4,6,2,6.0,7,8,8,Unfurnished,8043,17566000
HP101181,Northside,Independent House,1029,2,1.5,3,0,1,8.6,5,5,5,Furnished,8909,9167000
HP101182,South Suburbs,Independent House,1304,2,2.0,2,4,1,4.4,5,5,5,Semi-Furnished,7456,9723000
HP101183,Northside,Villa,2237,4,3.0,4,6,2,6.3,2,6,7,Furnished,6541,14632000
HP101184,West End,Apartment,1574,3,3.0,2,5,2,1.1,7,8,7,Unfurnished,8334,13118000
HP101185,West End,Independent House,691,3,1.5,1,21,1,0.5,2,10,6,Semi-Furnished,12179,8416000
HP101186,East Beach,Townhouse,1849,4,3.5,2,21,2,16.3,2,10,7,Unfurnished,8160,15087000
HP101187,Downtown,Villa,1332,3,2.0,4,32,1,7.3,8,6,8,Semi-Furnished,9464,12606000
HP101188,West End,Independent House,2397,5,2.5,3,5,3,7.8,9,7,6,Semi-Furnished,7682,18413000
HP101189,West End,Apartment,1217,3,2.0,3,26,1,6.9,4,8,6,Semi-Furnished,7569,9211000
HP101190,Downtown,Independent House,2128,4,4.0,3,26,2,3.7,7,8,8,Unfurnished,8473,18031000
HP101191,West End,Townhouse,2527,5,3.5,1,10,3,5.8,7,7,6,Furnished,7066,17856000
HP101192,East Beach,Apartment,1082,3,3.0,1,16,1,7.4,5,7,8,Unfurnished,9582,10368000
HP101193,Downtown,Apartment,1444,2,2.0,2,23,2,6.2,8,7,9,Semi-Furnished,7952,11483000
HP101194,Northside,Villa,1764,2,1.5,4,11,2,4.0,5,7,5,Furnished,7007,12361000
HP101195,West End,Villa,1078,2,2.0,1,11,1,8.9,6,6,6,Semi-Furnished,9117,9828000
HP101196,Northside,Villa,1699,3,1.5,3,6,2,7.8,2,7,6,Furnished,7953,13512000
HP101197,Northside,Apartment,1426,3,2.0,4,0,1,8.6,2,6,6,Semi-Furnished,6851,9770000
HP101198,South Suburbs,Apartment,1415,3,3.0,1,13,1,9.8,8,5,5,Furnished,6835,9671000
HP101199,South Suburbs,Villa,1577,3,2.5,1,6,1,6.3,6,8,6,Semi-Furnished,7269,11463000
HP101200,Northside,Villa,1589,2,2.0,4,2,2,6.3,5,8,6,Semi-Furnished,8147,12946000
HP101201,South Suburbs,Independent House,1640,3,2.5,1,16,2,12.9,9,10,6,Unfurnished,6387,10475000
HP101202,West End,Independent House,1221,1,2.0,3,0,1,3.2,9,8,7,Semi-Furnished,9586,11705000
HP101203,South Suburbs,Independent House,1245,3,2.0,4,19,2,0.5,6,6,4,Unfurnished,6885,8572000
HP101204,Northside,Independent House,1485,2,2.5,2,16,1,9.2,2,6,5,Furnished,6196,9201000
HP101205,Northside,Villa,1525,3,2.5,2,8,1,4.5,5,7,7,Unfurnished,7754,11825000
HP101206,South Suburbs,Villa,1309,2,2.5,3,11,2,2.7,3,8,6,Unfurnished,8242,10789000
HP101207,West End,Villa,1728,3,2.0,3,1,1,10.5,5,7,7,Furnished,7681,13273000
HP101208,Northside,Apartment,552,2,2.0,4,19,0,6.4,3,5,6,Unfurnished,6618,3653000
HP101209,East Beach,Apartment,1148,2,1.5,3,14,1,1.9,2,6,8,Semi-Furnished,8780,10080000
HP101210,South Suburbs,Villa,1396,2,2.0,4,14,1,14.7,1,7,6,Semi-Furnished,5626,7854000
HP101211,Northside,Townhouse,1079,2,2.5,1,17,1,0.6,5,8,6,Unfurnished,9042,9756000
HP101212,Northside,Independent House,2446,4,3.5,2,6,3,6.7,1,5,7,Unfurnished,6830,16705000
HP101213,West End,Apartment,1560,2,2.0,1,0,2,0.5,4,7,6,Semi-Furnished,8109,12650000
HP101214,South Suburbs,Villa,1647,3,2.0,3,21,1,8.1,7,7,5,Unfurnished,6180,10179000
HP101215,Downtown,Apartment,1284,3,2.0,1,18,1,4.4,3,6,7,Unfurnished,9195,11806000
HP101216,Downtown,Independent House,1541,3,2.5,4,7,2,10.3,3,6,8,Unfurnished,9455,14570000
HP101217,West End,Independent House,882,2,1.5,4,16,1,6.9,5,6,7,Semi-Furnished,8841,7798000
HP101218,Northside,Villa,1457,3,2.5,4,23,3,12.4,3,7,6,Semi-Furnished,7863,11456000
HP101219,South Suburbs,Villa,1035,2,1.5,4,22,1,5.3,5,9,4,Unfurnished,6730,6966000
HP101220,West End,Apartment,1397,2,2.0,1,7,1,0.6,3,9,7,Semi-Furnished,7918,11062000
HP101221,Northside,Apartment,550,1,1.0,3,0,1,8.0,5,5,6,Semi-Furnished,7962,4379000
HP101222,West End,Townhouse,930,1,1.5,3,0,1,6.0,4,7,8,Unfurnished,9526,8859000
HP101223,South Suburbs,Independent House,2355,4,3.0,3,9,2,0.5,5,4,6,Semi-Furnished,5941,13990000
HP101224,Northside,Villa,2007,4,3.5,4,25,2,2.8,9,7,5,Furnished,6934,13916000
HP101225,West End,Apartment,2275,4,3.5,3,5,1,4.1,5,8,6,Semi-Furnished,6931,15769000
HP101226,South Suburbs,Apartment,2313,6,4.0,1,7,3,13.2,6,9,5,Semi-Furnished,6057,14009000
HP101227,Downtown,Apartment,1920,3,2.5,4,6,2,9.8,4,4,7,Semi-Furnished,7770,14919000
HP101228,South Suburbs,Apartment,1301,2,2.5,2,7,1,5.6,5,5,5,Unfurnished,6792,8836000
HP101229,Downtown,Apartment,980,1,1.0,2,12,2,8.9,4,7,9,Furnished,9085,8903000
HP101230,East Beach,Townhouse,2181,4,3.5,3,0,2,0.5,5,5,7,Furnished,8494,18526000
HP101231,South Suburbs,Villa,1586,3,2.5,4,22,2,4.7,6,7,5,Furnished,6960,11039000
HP101232,Northside,Apartment,2922,6,4.5,3,11,3,8.6,4,8,4,Unfurnished,6066,17724000
HP101233,South Suburbs,Apartment,1349,2,2.0,1,34,1,7.7,4,5,5,Semi-Furnished,4896,6605000
HP101234,Northside,Apartment,2635,5,4.0,3,1,2,4.8,4,7,6,Unfurnished,6180,16284000
HP101235,Northside,Independent House,1464,3,2.5,3,26,2,6.8,4,5,5,Semi-Furnished,6809,9968000
HP101236,East Beach,Apartment,2285,3,2.0,1,25,2,8.4,5,9,8,Semi-Furnished,7218,16492000
HP101237,Downtown,Independent House,2483,4,3.0,3,8,2,7.0,4,7,8,Semi-Furnished,7909,19638000
HP101238,Downtown,Independent House,987,2,1.5,4,8,1,10.4,8,6,8,Unfurnished,9339,9218000
HP101239,East Beach,Apartment,1283,3,2.0,4,4,1,8.3,10,5,7,Furnished,9051,11612000
HP101240,Downtown,Villa,982,2,2.5,2,4,0,9.0,4,8,7,Unfurnished,11289,11086000
HP101241,West End,Townhouse,874,2,1.5,3,12,1,13.9,6,9,7,Unfurnished,9823,8585000
HP101242,Northside,Apartment,1917,4,2.5,4,12,2,10.3,7,6,6,Furnished,7015,13447000
HP101243,South Suburbs,Apartment,1442,2,2.0,3,0,2,14.0,4,6,5,Semi-Furnished,6263,9031000
HP101244,West End,Townhouse,1579,3,2.0,2,33,2,4.3,3,6,5,Semi-Furnished,6415,10129000
HP101245,South Suburbs,Townhouse,1856,3,1.5,1,10,3,0.6,9,9,6,Semi-Furnished,6814,12647000
HP101246,South Suburbs,Villa,550,2,2.0,1,13,0,6.4,7,4,5,Unfurnished,8735,4804000
HP101247,South Suburbs,Villa,2258,5,4.0,3,6,2,6.1,6,9,6,Unfurnished,6566,14825000
HP101248,West End,Apartment,1358,2,2.0,4,10,1,12.8,8,6,7,Semi-Furnished,7236,9827000
HP101249,East Beach,Independent House,1843,3,2.0,3,9,3,2.5,7,7,8,Semi-Furnished,8483,15635000
HP101250,South Suburbs,Villa,1891,4,2.5,4,12,2,6.7,5,6,5,Semi-Furnished,6508,12306000
HP101251,East Beach,Apartment,2304,5,3.5,3,12,2,8.6,3,7,7,Unfurnished,6988,16101000
HP101252,West End,Independent House,1492,3,2.5,2,19,2,7.4,4,6,7,Semi-Furnished,7172,10701000
HP101253,Downtown,Townhouse,550,1,1.0,3,14,1,6.3,8,9,8,Furnished,15233,8378000
HP101254,Northside,Independent House,1581,3,2.5,2,18,1,8.4,7,9,6,Unfurnished,6777,10715000
HP101255,Northside,Apartment,1660,4,3.0,1,12,1,11.3,5,6,7,Unfurnished,6369,10573000
HP101256,Downtown,Apartment,981,2,2.0,3,14,1,13.1,9,8,8,Semi-Furnished,9840,9653000
HP101257,East Beach,Townhouse,1631,2,2.0,3,10,1,7.1,5,6,8,Furnished,7790,12706000
HP101258,West End,Townhouse,1351,3,2.5,4,21,1,3.7,7,7,6,Semi-Furnished,8370,11308000
HP101259,West End,Villa,811,1,1.0,1,15,1,13.1,5,9,7,Semi-Furnished,8727,7078000
HP101260,South Suburbs,Independent House,1919,4,3.0,2,11,1,2.7,9,6,5,Semi-Furnished,6528,12528000
HP101261,East Beach,Villa,1240,2,2.0,1,10,1,14.2,7,8,8,Unfurnished,8798,10910000
HP101262,South Suburbs,Apartment,1326,1,1.0,4,11,2,12.4,5,8,6,Semi-Furnished,6083,8066000
HP101263,West End,Apartment,1296,3,1.5,4,12,1,13.0,5,7,7,Unfurnished,7012,9087000
HP101264,South Suburbs,Apartment,2230,5,4.0,2,11,2,9.7,5,8,5,Semi-Furnished,5960,13291000
HP101265,East Beach,Apartment,1527,3,2.5,4,7,1,0.5,3,7,8,Unfurnished,8943,13656000
HP101266,Downtown,Independent House,1594,3,2.5,3,19,2,2.8,2,5,9,Unfurnished,8392,13377000
HP101267,Downtown,Apartment,1308,1,1.0,2,19,1,8.2,6,6,9,Semi-Furnished,7753,10141000
HP101268,East Beach,Apartment,1805,4,3.0,2,28,2,4.3,4,5,8,Semi-Furnished,7377,13316000
HP101269,South Suburbs,Villa,2292,5,3.5,3,7,2,5.7,4,7,6,Semi-Furnished,6964,15961000
HP101270,Downtown,Apartment,1906,3,2.5,1,18,2,9.5,5,9,8,Semi-Furnished,8045,15334000
HP101271,East Beach,Apartment,1928,3,2.0,1,0,2,6.3,5,8,9,Furnished,8799,16965000
HP101272,Downtown,Villa,1883,4,2.5,4,19,2,2.1,5,5,7,Furnished,8685,16353000
HP101273,South Suburbs,Apartment,791,2,2.0,1,0,0,10.5,9,7,5,Furnished,9929,7854000
HP101274,Northside,Villa,1068,2,1.5,1,3,1,9.1,6,7,6,Semi-Furnished,9121,9741000
HP101275,Northside,Townhouse,1437,3,2.0,4,15,1,6.0,10,8,6,Semi-Furnished,7795,11201000
HP101276,Northside,Apartment,1151,1,1.5,4,6,1,9.8,4,6,6,Semi-Furnished,6004,6911000
HP101277,Northside,Townhouse,965,1,1.5,4,5,1,7.4,7,5,5,Semi-Furnished,6710,6475000
HP101278,Northside,Townhouse,550,1,1.5,1,8,1,12.3,4,7,8,Semi-Furnished,12498,6874000
HP101279,Downtown,Independent House,809,1,1.5,4,19,0,7.6,4,8,7,Semi-Furnished,10993,8893000
HP101280,South Suburbs,Independent House,1409,4,3.0,2,4,1,12.3,10,7,5,Unfurnished,8500,11977000
HP101281,Northside,Villa,1512,4,3.0,1,12,2,0.5,3,6,5,Unfurnished,7121,10767000
HP101282,Northside,Independent House,1114,2,1.5,4,9,1,8.8,1,10,6,Furnished,8811,9815000
HP101283,East Beach,Independent House,1593,3,2.5,2,19,2,5.4,3,7,8,Unfurnished,7843,12494000
HP101284,South Suburbs,Apartment,1311,2,1.5,3,20,1,3.6,1,7,6,Semi-Furnished,5590,7328000
HP101285,East Beach,Townhouse,2150,4,3.0,1,0,2,11.6,3,6,9,Semi-Furnished,7852,16882000
HP101286,Downtown,Villa,1461,2,2.0,1,21,2,10.6,3,9,8,Unfurnished,8986,13128000
HP101287,South Suburbs,Independent House,1933,3,3.0,4,7,3,0.5,5,8,6,Furnished,6803,13150000
HP101288,East Beach,Apartment,1662,4,3.5,3,14,2,9.9,1,7,7,Unfurnished,7798,12961000
HP101289,Downtown,Apartment,779,1,2.0,4,4,1,9.4,8,5,8,Furnished,11703,9117000
HP101290,Northside,Villa,1500,2,1.5,1,15,1,4.1,1,9,7,Furnished,8166,12249000
HP101291,East Beach,Villa,870,2,1.0,4,35,0,3.7,5,8,6,Unfurnished,9387,8167000
HP101292,South Suburbs,Apartment,1491,3,2.5,4,13,2,0.6,4,9,7,Unfurnished,7158,10673000
HP101293,West End,Apartment,1140,2,1.5,4,8,2,5.6,7,7,6,Semi-Furnished,8130,9268000
HP101294,Downtown,Apartment,1760,3,2.5,1,10,2,6.3,6,7,7,Semi-Furnished,8126,14302000
HP101295,South Suburbs,Villa,812,2,1.0,1,0,1,10.2,8,7,5,Unfurnished,9808,7964000
HP101296,West End,Apartment,1558,4,2.5,3,25,2,8.1,4,10,7,Furnished,7263,11316000
HP101297,East Beach,Townhouse,1865,4,2.5,1,15,2,2.8,4,6,7,Unfurnished,7906,14744000
HP101298,Northside,Apartment,2049,4,3.0,1,3,2,8.0,6,5,5,Furnished,6236,12777000
HP101299,West End,Apartment,1130,3,2.0,4,3,1,6.0,7,6,7,Unfurnished,8530,9639000
HP101300,Downtown,Apartment,1560,3,2.5,3,12,2,3.3,7,6,8,Furnished,8576,13378000
HP101301,Northside,Villa,1651,2,2.5,4,20,1,0.6,6,9,6,Unfurnished,7036,11617000
HP101302,West End,Villa,2401,5,4.0,4,2,2,9.5,6,5,6,Semi-Furnished,7125,17106000
HP101303,Northside,Independent House,735,2,1.0,1,22,0,8.8,5,6,8,Semi-Furnished,8356,6142000
HP101304,South Suburbs,Townhouse,1049,2,2.0,4,11,0,9.2,6,7,6,Unfurnished,7051,7397000
HP101305,Northside,Apartment,3092,6,4.5,1,4,3,4.1,9,9,6,Furnished,6105,18877000
HP101306,Northside,Independent House,1400,2,1.5,2,8,1,7.7,4,8,6,Unfurnished,6396,8955000
HP101307,East Beach,Apartment,550,1,1.0,2,28,1,1.5,4,9,6,Semi-Furnished,11231,6177000
HP101308,East Beach,Apartment,1230,3,2.5,1,0,2,3.1,4,8,7,Semi-Furnished,9792,12044000
HP101309,West End,Villa,550,1,1.0,3,5,1,7.1,6,7,8,Semi-Furnished,12944,7119000
HP101310,South Suburbs,Apartment,1683,3,2.5,1,21,2,8.0,1,8,5,Unfurnished,5889,9911000
HP101311,West End,Villa,1995,4,3.5,4,14,2,0.5,5,5,7,Unfurnished,7341,14646000
HP101312,East Beach,Independent House,1049,2,1.5,4,5,0,2.8,7,4,7,Unfurnished,8981,9421000
HP101313,Northside,Independent House,1291,3,2.0,3,21,2,5.5,4,8,7,Semi-Furnished,7537,9730000
HP101314,South Suburbs,Villa,2058,4,3.0,1,21,3,10.8,5,7,5,Unfurnished,6591,13564000
HP101315,South Suburbs,Villa,587,1,1.0,3,15,1,3.7,10,8,4,Furnished,11588,6802000
HP101316,East Beach,Apartment,823,1,1.0,3,6,1,7.6,6,6,9,Semi-Furnished,10181,8379000
HP101317,Northside,Apartment,1425,2,1.5,2,8,0,8.0,1,9,5,Semi-Furnished,6706,9556000
HP101318,West End,Apartment,1136,2,2.5,2,15,1,6.0,2,8,7,Semi-Furnished,6912,7852000
HP101319,West End,Independent House,1388,2,1.5,2,0,2,8.1,4,7,6,Unfurnished,7700,10687000
HP101320,East Beach,Townhouse,855,3,2.5,4,24,1,1.6,3,7,7,Semi-Furnished,10612,9073000
HP101321,Downtown,Apartment,1668,4,2.0,1,27,2,4.4,5,8,7,Unfurnished,8054,13434000
HP101322,East Beach,Villa,1468,4,3.5,3,10,2,12.7,4,6,7,Semi-Furnished,10063,14773000
HP101323,West End,Independent House,1852,3,2.5,2,15,2,13.0,8,6,7,Semi-Furnished,6966,12901000
HP101324,South Suburbs,Independent House,1660,4,3.0,3,23,1,10.4,3,7,4,Semi-Furnished,6345,10532000
HP101325,South Suburbs,Villa,1664,4,3.0,1,30,2,11.4,5,6,6,Furnished,6790,11298000
HP101326,Downtown,Villa,755,2,2.0,4,26,0,0.5,5,5,9,Unfurnished,11472,8661000
HP101327,Northside,Independent House,1821,3,2.0,2,0,3,3.2,6,7,6,Semi-Furnished,7617,13871000
HP101328,Downtown,Townhouse,1368,3,2.5,4,9,1,5.8,5,8,8,Unfurnished,9304,12728000
HP101329,Northside,Apartment,1458,3,3.0,1,17,2,16.7,1,9,6,Semi-Furnished,5724,8346000
HP101330,East Beach,Townhouse,2127,4,3.0,3,8,2,5.7,5,8,8,Semi-Furnished,8231,17508000
HP101331,West End,Apartment,1154,1,1.0,3,28,1,10.0,5,8,5,Unfurnished,6252,7215000
HP101332,Northside,Independent House,2293,5,3.5,4,27,2,8.5,7,8,7,Semi-Furnished,6782,15551000
HP101333,West End,Apartment,2344,4,3.5,1,5,1,8.4,7,7,6,Semi-Furnished,6791,15917000
HP101334,South Suburbs,Apartment,1964,4,2.5,3,11,2,6.9,6,4,6,Unfurnished,6008,11799000
HP101335,West End,Apartment,1011,2,2.0,1,5,1,2.2,6,9,6,Furnished,9011,9110000
HP101336,South Suburbs,Apartment,550,1,1.0,2,10,1,0.5,8,6,6,Semi-Furnished,11909,6550000
HP101337,Northside,Apartment,2143,4,3.0,1,10,2,12.1,8,5,5,Furnished,5934,12717000
HP101338,East Beach,Apartment,1611,4,3.0,1,21,2,4.5,6,5,6,Semi-Furnished,7725,12445000
HP101339,Northside,Villa,1140,2,1.5,4,4,0,0.5,10,10,6,Furnished,10233,11666000
HP101340,West End,Apartment,2195,3,3.0,3,0,2,8.8,4,8,8,Unfurnished,6851,15039000
HP101341,West End,Independent House,1076,2,1.0,4,0,0,8.7,2,5,7,Semi-Furnished,8928,9607000
HP101342,Downtown,Townhouse,1317,2,2.0,3,3,2,10.1,5,6,8,Furnished,9387,12363000
HP101343,Downtown,Independent House,1839,3,3.0,3,6,2,11.5,4,7,9,Semi-Furnished,8864,16301000
HP101344,West End,Apartment,938,1,1.5,1,14,0,3.3,1,8,6,Semi-Furnished,7654,7179000
HP101345,Downtown,Apartment,1490,3,2.0,4,2,1,3.5,4,7,9,Furnished,9232,13756000
HP101346,South Suburbs,Townhouse,2149,4,2.5,1,1,2,5.7,6,6,5,Semi-Furnished,6865,14753000
HP101347,South Suburbs,Apartment,1666,2,1.5,1,4,1,10.3,5,7,5,Semi-Furnished,5432,9050000
HP101348,Northside,Apartment,2236,4,3.0,3,2,2,0.5,3,6,6,Semi-Furnished,5920,13238000
HP101349,Northside,Townhouse,2173,5,4.0,3,7,2,7.5,5,9,6,Furnished,7000,15212000
HP101350,West End,Townhouse,1554,3,2.0,1,7,1,10.7,5,7,7,Furnished,7866,12224000
HP101351,Downtown,Apartment,550,1,1.0,3,18,0,10.6,7,6,8,Semi-Furnished,10164,5590000
HP101352,East Beach,Independent House,942,2,1.5,3,3,1,9.8,4,8,7,Unfurnished,10874,10243000
HP101353,West End,Villa,1970,4,3.0,2,9,3,11.3,7,8,7,Unfurnished,8074,15905000
HP101354,South Suburbs,Independent House,697,2,2.5,3,7,1,0.5,3,6,5,Semi-Furnished,9948,6934000
HP101355,East Beach,Apartment,1370,1,1.0,3,19,1,13.5,4,8,7,Furnished,6534,8952000
HP101356,West End,Apartment,1736,4,2.5,2,11,1,8.3,9,8,7,Semi-Furnished,7059,12254000
HP101357,East Beach,Villa,2358,5,3.5,1,21,2,12.3,3,9,7,Unfurnished,7626,17982000
HP101358,Downtown,Apartment,1234,4,3.5,2,2,1,2.3,4,8,8,Unfurnished,9569,11808000
HP101359,Downtown,Independent House,1196,2,1.5,4,12,1,0.5,2,7,8,Semi-Furnished,9588,11467000
HP101360,East Beach,Apartment,1521,2,1.5,2,7,2,14.1,3,4,8,Furnished,8208,12485000
HP101361,Downtown,Townhouse,1743,3,2.0,3,1,2,3.3,5,7,9,Unfurnished,9183,16006000
HP101362,Downtown,Independent House,1465,3,2.0,2,11,1,5.8,7,8,7,Semi-Furnished,9361,13714000
HP101363,East Beach,Villa,2127,5,4.0,3,28,3,9.1,5,7,8,Furnished,7903,16809000
HP101364,East Beach,Independent House,1110,3,3.5,3,4,1,10.1,4,3,9,Furnished,10322,11457000
HP101365,West End,Apartment,1616,3,2.5,2,11,2,11.3,2,8,6,Unfurnished,6814,11011000
HP101366,Downtown,Villa,1795,3,2.5,3,0,2,7.9,3,6,7,Furnished,9182,16482000
HP101367,East Beach,Apartment,1330,3,2.0,4,0,2,2.8,2,8,8,Semi-Furnished,9747,12963000
HP101368,West End,Townhouse,2012,4,2.5,4,5,3,9.8,7,10,6,Furnished,8082,16260000
HP101369,South Suburbs,Independent House,1632,3,2.5,4,8,2,9.9,7,7,5,Unfurnished,6590,10755000
HP101370,Northside,Townhouse,1984,4,3.5,1,8,2,0.5,5,8,5,Semi-Furnished,7299,14481000
HP101371,South Suburbs,Townhouse,1657,4,3.0,4,10,1,12.7,6,7,6,Semi-Furnished,6368,10551000
HP101372,East Beach,Townhouse,1757,4,3.5,3,0,2,0.5,7,8,7,Semi-Furnished,9593,16855000
HP101373,West End,Apartment,1202,2,1.5,2,6,1,11.1,5,7,6,Semi-Furnished,7074,8503000
HP101374,West End,Townhouse,1203,1,1.5,2,17,1,4.5,8,6,6,Semi-Furnished,7401,8903000
HP101375,South Suburbs,Villa,2223,4,3.0,1,0,3,9.8,3,6,6,Semi-Furnished,6810,15138000
HP101376,South Suburbs,Apartment,1900,3,2.5,4,9,2,9.0,4,9,5,Unfurnished,5659,10752000
HP101377,South Suburbs,Villa,987,2,1.5,4,15,1,6.9,4,8,4,Semi-Furnished,6879,6790000
HP101378,Northside,Apartment,1649,3,2.5,1,5,1,8.8,6,8,5,Unfurnished,6497,10714000
HP101379,West End,Apartment,550,1,1.5,3,15,1,6.7,2,8,7,Furnished,12605,6933000
HP101380,West End,Apartment,1234,2,1.5,3,0,1,9.9,8,8,7,Furnished,7374,9099000
HP101381,South Suburbs,Apartment,2079,3,2.5,1,20,3,15.7,6,6,6,Unfurnished,5187,10783000
HP101382,East Beach,Villa,1481,4,2.5,3,15,2,1.6,9,7,7,Unfurnished,9113,13497000
HP101383,East Beach,Townhouse,1615,2,2.0,4,13,2,0.5,5,8,7,Unfurnished,8125,13122000
HP101384,South Suburbs,Independent House,550,1,1.0,2,22,0,5.3,4,9,7,Semi-Furnished,9958,5477000
HP101385,East Beach,Villa,1334,3,2.0,3,9,2,5.1,6,10,7,Furnished,10705,14281000
HP101386,East Beach,Apartment,1736,4,3.0,4,6,2,5.5,7,8,7,Semi-Furnished,8540,14826000
HP101387,West End,Villa,1806,4,3.5,2,24,2,3.3,3,6,7,Unfurnished,7837,14154000
HP101388,East Beach,Apartment,2079,4,2.5,1,29,2,10.5,1,5,8,Unfurnished,7101,14764000
HP101389,South Suburbs,Independent House,1434,3,2.0,2,6,1,1.5,1,6,6,Unfurnished,6954,9972000
HP101390,South Suburbs,Apartment,1459,4,3.0,1,11,1,8.8,6,6,5,Furnished,6537,9537000
HP101391,East Beach,Independent House,817,2,2.5,2,21,1,9.6,8,3,7,Semi-Furnished,9851,8048000
HP101392,West End,Independent House,1438,2,1.5,3,11,2,8.3,2,6,6,Semi-Furnished,7640,10987000
HP101393,South Suburbs,Villa,856,1,1.0,1,17,1,8.9,4,8,5,Semi-Furnished,6981,5976000
HP101394,Northside,Townhouse,550,2,2.0,3,19,1,10.8,4,7,5,Furnished,10611,5836000
HP101395,East Beach,Apartment,953,1,1.0,4,7,1,7.2,9,7,9,Semi-Furnished,9580,9130000
HP101396,West End,Townhouse,2380,6,4.5,2,16,2,5.6,10,5,6,Furnished,7164,17051000
HP101397,Northside,Independent House,1401,3,2.0,4,12,2,8.9,6,9,6,Furnished,7778,10897000
HP101398,Northside,Independent House,1671,3,2.0,2,1,2,9.4,7,8,6,Semi-Furnished,7322,12235000
HP101399,Downtown,Independent House,1268,3,1.5,3,3,1,10.6,7,7,8,Furnished,10859,13769000
HP101400,East Beach,Independent House,565,1,1.0,1,6,1,0.5,2,4,8,Unfurnished,11915,6732000
HP101401,South Suburbs,Townhouse,2065,4,3.5,2,20,2,6.3,7,6,5,Semi-Furnished,6263,12934000
HP101402,East Beach,Apartment,550,2,1.5,4,21,0,2.7,3,8,8,Unfurnished,11509,6330000
HP101403,East Beach,Independent House,1245,1,1.5,3,19,1,9.2,5,7,8,Semi-Furnished,7738,9634000
HP101404,East Beach,Independent House,1520,3,2.5,3,16,2,9.9,8,7,7,Unfurnished,8469,12873000
HP101405,Downtown,Villa,1677,4,3.0,3,16,2,5.9,5,8,8,Unfurnished,8824,14798000
HP101406,Downtown,Townhouse,1150,2,1.5,1,14,1,4.1,7,7,9,Unfurnished,10040,11546000
HP101407,East Beach,Apartment,550,2,1.5,4,16,1,9.4,8,8,7,Semi-Furnished,11780,6479000
HP101408,South Suburbs,Villa,1109,1,1.0,2,16,0,6.5,1,6,4,Semi-Furnished,6697,7427000
HP101409,Downtown,Apartment,1138,1,1.0,1,0,2,12.7,1,5,9,Semi-Furnished,9634,10964000
HP101410,East Beach,Apartment,1125,3,2.5,4,5,2,14.1,8,8,7,Semi-Furnished,8497,9559000
HP101411,Downtown,Independent House,2084,5,4.5,1,3,2,11.0,8,8,9,Furnished,9265,19309000
HP101412,West End,Apartment,883,2,2.0,4,22,0,7.9,6,8,5,Furnished,7225,6380000
HP101413,East Beach,Apartment,1716,4,2.5,2,27,2,14.3,6,7,7,Unfurnished,8013,13750000
HP101414,Northside,Apartment,1637,4,2.5,1,0,2,8.0,7,7,7,Semi-Furnished,7417,12142000
HP101415,West End,Villa,2078,3,2.5,1,26,2,5.1,7,7,7,Semi-Furnished,6644,13807000
HP101416,Northside,Independent House,1477,2,2.0,3,13,1,4.3,4,8,6,Semi-Furnished,8270,12215000
HP101417,Northside,Townhouse,1985,4,3.0,3,21,2,4.2,7,8,5,Semi-Furnished,6424,12752000
HP101418,West End,Apartment,1455,3,2.5,1,17,2,7.0,4,10,7,Semi-Furnished,7100,10330000
HP101419,South Suburbs,Villa,1789,3,2.5,2,25,1,8.9,6,6,5,Unfurnished,5337,9548000
HP101420,West End,Villa,723,1,1.5,1,14,0,1.3,5,10,7,Semi-Furnished,11779,8516000
HP101421,South Suburbs,Villa,550,1,1.0,3,0,1,5.2,3,5,7,Semi-Furnished,12164,6690000
HP101422,South Suburbs,Apartment,1758,4,4.0,4,11,2,7.9,3,8,6,Semi-Furnished,6198,10896000
HP101423,West End,Apartment,1787,3,2.0,2,17,2,9.6,10,5,7,Furnished,6795,12142000
HP101424,Northside,Villa,1812,3,3.0,4,10,2,6.9,3,7,7,Unfurnished,7203,13051000
HP101425,East Beach,Villa,1261,3,2.5,2,18,1,8.0,6,8,7,Unfurnished,9891,12473000
HP101426,South Suburbs,Villa,2369,4,3.0,1,11,3,2.0,6,7,5,Unfurnished,6282,14882000
HP101427,Northside,Villa,1297,2,1.5,2,7,0,3.4,5,8,5,Unfurnished,7443,9653000
HP101428,South Suburbs,Independent House,1781,2,2.0,4,2,3,6.8,6,6,4,Unfurnished,6076,10822000
HP101429,East Beach,Independent House,1877,3,2.5,4,8,3,9.0,6,4,7,Semi-Furnished,8190,15372000
HP101430,Northside,Apartment,2495,5,4.5,3,14,3,7.9,3,8,6,Semi-Furnished,6810,16990000
HP101431,West End,Independent House,1376,3,3.0,2,0,2,3.6,6,7,6,Semi-Furnished,8481,11670000
HP101432,Downtown,Townhouse,1191,3,2.5,4,5,1,6.1,4,6,8,Semi-Furnished,10628,12658000
HP101433,Downtown,Apartment,726,2,2.5,3,0,1,13.0,9,6,8,Unfurnished,11324,8221000
HP101434,West End,Villa,2404,6,4.5,4,6,2,9.2,6,8,6,Semi-Furnished,7198,17305000
HP101435,East Beach,Apartment,1782,3,3.0,3,23,2,6.3,3,6,9,Unfurnished,6802,12122000
HP101436,Downtown,Independent House,1799,2,2.0,3,1,2,2.9,6,8,7,Furnished,9585,17244000
HP101437,West End,Apartment,3264,6,4.5,4,18,3,4.1,3,9,7,Unfurnished,6740,22000000
HP101438,Northside,Independent House,1729,3,2.5,4,38,3,7.0,6,10,4,Semi-Furnished,6200,10719000
HP101439,East Beach,Apartment,834,1,1.0,3,25,1,8.1,5,9,7,Furnished,8830,7364000
HP101440,South Suburbs,Villa,1442,3,2.5,1,13,1,9.3,3,7,4,Semi-Furnished,5870,8464000
HP101441,Northside,Townhouse,1014,3,2.5,2,20,2,8.6,3,7,6,Semi-Furnished,8617,8738000
HP101442,West End,Apartment,1332,4,3.5,3,0,1,5.5,10,6,8,Semi-Furnished,9140,12175000
HP101443,South Suburbs,Townhouse,1329,3,2.5,3,0,1,5.0,5,6,5,Unfurnished,6397,8501000
HP101444,West End,Townhouse,1227,4,2.0,2,12,1,15.2,4,8,6,Semi-Furnished,8235,10104000
HP101445,Downtown,Townhouse,784,1,2.0,1,16,1,4.8,4,7,8,Furnished,10038,7870000
HP101446,Downtown,Apartment,2426,4,3.0,4,22,2,1.8,6,8,8,Furnished,8094,19636000
HP101447,South Suburbs,Independent House,1714,4,2.5,4,7,1,0.5,4,6,5,Semi-Furnished,6398,10966000
HP101448,South Suburbs,Apartment,1426,2,1.0,1,14,1,5.6,3,9,5,Semi-Furnished,6165,8791000
HP101449,Northside,Apartment,1967,3,2.0,2,13,2,10.8,5,7,5,Furnished,5943,11690000
HP101450,Downtown,Townhouse,1809,4,3.0,2,11,2,4.7,5,9,8,Semi-Furnished,8244,14914000
HP101451,East Beach,Independent House,1702,3,2.0,4,11,1,12.9,4,6,8,Unfurnished,8184,13930000
HP101452,Downtown,Villa,1927,4,3.0,4,4,2,7.0,3,6,8,Unfurnished,9216,17759000
HP101453,Downtown,Apartment,1624,2,2.0,2,15,2,11.4,4,9,7,Unfurnished,7674,12463000
HP101454,East Beach,Independent House,1919,4,4.0,2,14,2,4.0,4,6,8,Semi-Furnished,8464,16243000
HP101455,West End,Independent House,1964,4,3.5,2,8,1,4.0,4,5,7,Unfurnished,7488,14706000
HP101456,Downtown,Villa,1639,3,3.0,1,18,1,7.4,6,5,9,Unfurnished,8971,14703000
HP101457,South Suburbs,Townhouse,1429,2,1.5,2,21,1,8.9,10,8,5,Unfurnished,6807,9727000
HP101458,West End,Apartment,2392,4,3.0,2,18,3,6.3,8,8,7,Furnished,7039,16837000
HP101459,East Beach,Apartment,1287,2,2.0,1,3,1,8.2,9,6,8,Unfurnished,8443,10866000
HP101460,West End,Independent House,1765,4,3.0,3,13,1,9.4,4,6,6,Unfurnished,7349,12971000
HP101461,Northside,Townhouse,1778,4,3.0,4,4,2,1.3,9,8,7,Semi-Furnished,7783,13839000
HP101462,East Beach,Apartment,1215,2,2.0,2,13,1,5.6,6,9,8,Unfurnished,8212,9977000
HP101463,Downtown,Apartment,1106,1,1.5,2,4,1,4.9,7,7,7,Furnished,10346,11443000
HP101464,Downtown,Apartment,1355,3,2.5,2,23,1,5.1,6,8,7,Furnished,9141,12386000
HP101465,South Suburbs,Townhouse,1279,2,1.0,1,19,1,8.6,4,8,5,Semi-Furnished,5229,6688000
HP101466,Downtown,Apartment,748,2,1.5,3,22,1,5.0,7,10,8,Semi-Furnished,10721,8019000
HP101467,Northside,Villa,1192,2,1.0,2,21,2,0.5,6,5,7,Semi-Furnished,8403,10016000
HP101468,East Beach,Townhouse,1696,3,2.5,4,10,3,6.1,1,6,7,Unfurnished,7337,12444000
HP101469,Northside,Apartment,2246,4,3.0,2,8,2,2.7,5,6,6,Unfurnished,6097,13693000
HP101470,Downtown,Villa,1855,5,3.5,4,28,2,9.0,7,8,8,Unfurnished,9730,18050000
HP101471,South Suburbs,Villa,550,2,2.0,2,11,1,10.2,6,7,5,Unfurnished,10745,5910000
HP101472,Northside,Independent House,1903,4,3.5,1,0,2,0.5,6,7,7,Semi-Furnished,8219,15641000
HP101473,West End,Apartment,1243,3,2.5,2,21,0,3.9,3,7,6,Unfurnished,7958,9892000
HP101474,East Beach,Apartment,1799,2,1.0,4,13,2,8.4,6,7,7,Unfurnished,6842,12308000
HP101475,South Suburbs,Apartment,1542,2,1.5,2,26,1,1.4,5,7,5,Semi-Furnished,5628,8679000
HP101476,East Beach,Independent House,1444,1,1.0,4,14,0,10.1,5,9,7,Semi-Furnished,8856,12788000
HP101477,West End,Independent House,1494,4,4.0,3,12,1,11.2,4,6,8,Unfurnished,8302,12403000
HP101478,East Beach,Apartment,1538,4,3.0,3,26,1,6.4,7,7,7,Unfurnished,8791,13521000
HP101479,East Beach,Apartment,2289,5,4.0,4,0,2,3.9,6,5,7,Unfurnished,7615,17430000
HP101480,West End,Townhouse,1539,3,3.0,3,7,2,0.5,6,7,5,Unfurnished,8659,13326000
HP101481,Downtown,Apartment,2147,3,2.5,3,4,2,10.3,10,7,8,Furnished,8280,17777000
HP101482,Downtown,Apartment,2067,4,3.5,1,0,3,15.0,6,9,8,Furnished,8636,17850000
HP101483,East Beach,Villa,1917,5,4.5,3,20,2,14.2,8,7,6,Semi-Furnished,8477,16250000
HP101484,Downtown,Apartment,567,1,1.5,3,7,0,6.2,6,6,8,Semi-Furnished,11979,6792000
HP101485,West End,Apartment,2164,4,3.5,1,20,2,2.6,4,7,7,Semi-Furnished,6821,14761000
HP101486,South Suburbs,Villa,1298,1,2.0,3,16,2,10.4,3,10,5,Semi-Furnished,7186,9327000
HP101487,Downtown,Apartment,1944,5,3.5,3,17,2,6.5,6,5,8,Unfurnished,7565,14707000
HP101488,Downtown,Villa,1015,2,2.5,2,8,1,8.9,1,6,7,Unfurnished,9517,9660000
HP101489,Downtown,Independent House,898,1,1.5,1,5,0,8.2,6,7,8,Semi-Furnished,11271,10121000
HP101490,West End,Villa,2637,4,3.5,1,13,3,7.4,6,6,6,Semi-Furnished,7095,18709000
HP101491,East Beach,Apartment,1024,1,1.0,1,20,1,11.1,5,8,8,Unfurnished,8137,8332000
HP101492,West End,Independent House,2180,4,3.5,1,12,3,11.3,5,7,5,Unfurnished,6970,15194000
HP101493,Downtown,Apartment,1615,3,3.0,1,6,1,4.9,2,7,8,Semi-Furnished,8870,14325000
HP101494,East Beach,Independent House,1319,2,1.0,3,1,1,3.3,8,7,8,Unfurnished,9820,12953000
HP101495,West End,Apartment,1525,3,2.5,2,14,2,0.5,4,7,8,Semi-Furnished,7264,11078000
HP101496,West End,Independent House,834,2,1.0,1,7,1,5.6,3,5,7,Semi-Furnished,9278,7738000
HP101497,West End,Apartment,1542,4,3.0,1,11,1,2.6,6,7,7,Semi-Furnished,7936,12237000
HP101498,Northside,Apartment,954,2,1.5,3,10,2,8.7,5,4,6,Unfurnished,7323,6986000
HP101499,West End,Villa,1333,5,3.5,4,8,1,5.7,4,6,7,Unfurnished,8180,10904000
HP101500,South Suburbs,Apartment,2059,4,4.5,4,15,3,6.1,4,8,5,Furnished,5849,12044000
HP101501,West End,Apartment,1690,3,3.0,4,17,1,10.2,5,9,6,Semi-Furnished,6996,11824000
HP101502,East Beach,Independent House,735,1,1.0,2,30,1,8.6,8,10,6,Unfurnished,10439,7673000
HP101503,East Beach,Independent House,2018,4,3.5,3,19,2,6.5,6,6,8,Unfurnished,7756,15652000
HP101504,East Beach,Apartment,1546,2,2.0,1,26,2,13.7,5,6,8,Furnished,7020,10853000
HP101505,West End,Townhouse,1252,3,2.0,1,5,1,10.0,7,8,6,Furnished,9036,11313000
HP101506,East Beach,Independent House,1961,3,2.5,1,0,2,5.3,5,10,7,Furnished,8623,16910000
HP101507,South Suburbs,Townhouse,1458,3,2.5,1,12,1,5.5,6,9,5,Semi-Furnished,7357,10726000
HP101508,West End,Independent House,909,1,1.0,2,20,1,10.2,5,5,7,Semi-Furnished,7754,7048000
HP101509,South Suburbs,Independent House,2566,5,3.5,1,18,3,7.8,6,7,6,Semi-Furnished,5659,14520000
HP101510,Northside,Villa,1540,3,2.5,4,23,2,2.5,4,8,5,Unfurnished,7796,12006000
HP101511,East Beach,Independent House,1505,4,3.0,3,0,1,10.6,2,8,6,Semi-Furnished,9536,14351000
HP101512,East Beach,Townhouse,1327,2,1.5,3,23,1,12.0,7,8,7,Semi-Furnished,7459,9898000
HP101513,Northside,Apartment,2199,4,2.5,1,15,3,11.7,8,6,5,Unfurnished,6048,13300000
HP101514,East Beach,Apartment,1261,2,1.5,4,0,1,13.2,3,8,7,Furnished,8499,10717000
HP101515,East Beach,Apartment,700,1,1.5,1,19,2,15.3,5,8,9,Semi-Furnished,10536,7375000
HP101516,South Suburbs,Townhouse,1177,2,1.5,4,14,1,13.9,4,6,4,Unfurnished,5212,6135000
HP101517,West End,Apartment,2280,5,4.5,3,15,2,8.4,7,9,7,Semi-Furnished,7439,16962000
HP101518,Downtown,Independent House,2008,4,3.0,1,21,2,6.2,6,8,9,Furnished,9188,18449000
HP101519,West End,Independent House,1410,4,3.0,1,16,3,0.5,10,6,7,Furnished,8816,12431000
HP101520,West End,Townhouse,2305,5,3.5,3,0,1,7.0,4,8,7,Semi-Furnished,7430,17126000
HP101521,South Suburbs,Apartment,1961,3,2.5,4,11,2,9.1,8,8,6,Furnished,6560,12864000
HP101522,Northside,Independent House,1403,2,1.5,2,0,1,7.2,9,8,7,Furnished,7919,11111000
HP101523,Downtown,Townhouse,1459,2,2.5,1,18,1,0.5,6,9,8,Furnished,9114,13298000
HP101524,Downtown,Apartment,1731,4,2.5,2,25,2,5.9,5,7,8,Furnished,8648,14969000
HP101525,Northside,Independent House,1092,1,2.0,2,1,1,9.6,5,7,7,Semi-Furnished,8373,9143000
HP101526,Downtown,Apartment,1552,2,1.5,2,6,2,2.9,5,3,7,Furnished,7632,11845000
HP101527,East Beach,Independent House,1720,3,2.5,4,4,2,7.7,7,9,7,Semi-Furnished,8683,14934000
HP101528,Downtown,Villa,622,2,2.5,2,8,0,8.7,3,9,8,Semi-Furnished,16236,10099000
HP101529,Downtown,Apartment,1446,4,3.5,1,16,2,11.5,5,9,8,Unfurnished,9979,14430000
HP101530,South Suburbs,Apartment,1383,4,3.0,3,8,2,13.9,4,6,4,Semi-Furnished,6073,8399000
HP101531,Downtown,Apartment,2115,4,3.5,3,18,2,5.5,1,8,9,Furnished,7994,16908000
HP101532,Downtown,Apartment,550,1,2.0,3,22,1,7.7,7,9,8,Semi-Furnished,11727,6450000
HP101533,South Suburbs,Independent House,1340,3,2.0,3,22,2,7.9,7,6,6,Furnished,7933,10630000
HP101534,Downtown,Apartment,1285,2,2.5,2,2,2,9.6,4,9,6,Semi-Furnished,9628,12372000
HP101535,South Suburbs,Apartment,2078,3,2.5,2,24,2,9.1,7,8,5,Unfurnished,5714,11873000
HP101536,Downtown,Independent House,1526,3,2.0,1,25,2,12.7,2,4,9,Unfurnished,8402,12821000
HP101537,Downtown,Independent House,2538,4,2.5,1,26,3,0.5,5,8,8,Furnished,7747,19663000
HP101538,Downtown,Villa,1914,4,3.0,3,11,3,8.7,5,6,7,Semi-Furnished,8469,16210000
HP101539,Northside,Townhouse,1324,3,1.5,2,5,2,8.9,5,4,6,Semi-Furnished,7003,9272000
HP101540,Northside,Apartment,1682,3,2.0,3,3,1,6.1,5,8,6,Semi-Furnished,6768,11384000
HP101541,West End,Independent House,1355,3,2.5,4,2,1,0.5,5,7,7,Semi-Furnished,8730,11829000
HP101542,East Beach,Apartment,2023,4,2.5,3,12,2,6.8,4,9,7,Semi-Furnished,7601,15376000
HP101543,Downtown,Independent House,817,2,2.0,1,20,1,4.2,5,7,9,Furnished,12443,10166000
HP101544,West End,Townhouse,1097,2,1.5,1,24,1,13.7,8,8,6,Semi-Furnished,7624,8363000
HP101545,East Beach,Independent House,1801,4,3.0,1,8,2,8.5,4,8,8,Furnished,9279,16711000
HP101546,West End,Villa,2224,4,3.0,2,12,3,3.8,10,9,7,Semi-Furnished,7899,17567000
HP101547,Northside,Villa,550,1,1.0,1,11,0,0.5,4,6,6,Furnished,11487,6318000
HP101548,South Suburbs,Apartment,2306,6,4.5,4,6,2,9.4,6,7,5,Unfurnished,6118,14107000
HP101549,West End,Independent House,1473,3,2.0,2,19,1,9.8,6,7,6,Unfurnished,6620,9751000
HP101550,Downtown,Independent House,550,1,1.0,3,15,0,6.1,4,8,8,Unfurnished,9889,5439000
HP101551,East Beach,Townhouse,550,1,1.0,1,13,1,9.4,8,7,7,Semi-Furnished,12736,7005000
HP101552,South Suburbs,Villa,709,2,1.0,1,15,1,5.6,6,6,6,Semi-Furnished,10646,7548000
HP101553,West End,Apartment,1539,3,2.5,1,18,2,11.3,5,6,6,Semi-Furnished,6878,10585000
HP101554,Northside,Villa,1514,3,2.5,2,17,2,11.0,8,9,7,Semi-Furnished,7732,11707000
HP101555,West End,Apartment,1898,4,3.5,2,4,2,0.5,3,4,6,Unfurnished,6650,12622000
HP101556,Downtown,Apartment,1248,3,2.5,2,20,1,1.4,4,8,9,Semi-Furnished,10141,12656000
HP101557,South Suburbs,Apartment,941,3,2.5,4,14,2,15.1,6,9,6,Furnished,8617,8109000
HP101558,Northside,Independent House,1323,3,2.0,3,8,2,10.7,7,8,6,Unfurnished,8050,10650000
HP101559,South Suburbs,Apartment,1568,3,2.0,3,14,2,2.0,6,10,5,Unfurnished,6519,10222000
HP101560,South Suburbs,Apartment,1677,4,3.0,1,15,1,0.7,5,8,5,Unfurnished,6152,10317000
HP101561,East Beach,Apartment,1116,2,2.5,2,22,1,7.8,4,8,7,Semi-Furnished,7689,8581000
HP101562,East Beach,Townhouse,2046,3,2.5,3,3,2,2.4,7,6,8,Unfurnished,8102,16577000
HP101563,East Beach,Independent House,1208,2,1.5,3,24,1,5.7,6,8,7,Semi-Furnished,8385,10129000
HP101564,South Suburbs,Apartment,1072,1,1.5,4,12,1,6.8,3,8,6,Semi-Furnished,6392,6852000
HP101565,West End,Apartment,1252,3,2.5,2,7,1,6.6,3,7,6,Semi-Furnished,8865,11099000
HP101566,West End,Villa,2141,3,3.5,2,7,1,11.5,8,6,6,Semi-Furnished,7116,15235000
HP101567,South Suburbs,Apartment,1477,3,2.0,4,3,3,14.3,3,5,4,Unfurnished,4685,6920000
HP101568,Northside,Villa,1168,2,1.0,2,0,1,5.1,6,7,6,Furnished,8699,10161000
HP101569,South Suburbs,Apartment,2059,4,3.0,3,18,2,2.5,8,5,6,Semi-Furnished,5562,11452000
HP101570,South Suburbs,Townhouse,2729,5,3.5,1,30,3,8.6,6,6,6,Semi-Furnished,5337,14564000
HP101571,Downtown,Apartment,1665,3,2.0,1,0,1,13.5,3,3,9,Unfurnished,7398,12317000
HP101572,East Beach,Independent House,2229,4,4.5,1,3,2,5.4,3,8,8,Semi-Furnished,8475,18891000
HP101573,Northside,Apartment,2120,4,3.0,2,19,2,10.4,9,9,7,Furnished,6592,13976000
HP101574,South Suburbs,Townhouse,1217,2,2.0,4,12,2,3.7,3,7,6,Unfurnished,6753,8218000
HP101575,Downtown,Townhouse,1565,4,3.0,1,20,2,7.1,4,10,9,Unfurnished,9344,14624000
HP101576,East Beach,Independent House,845,1,1.0,4,11,1,2.4,6,9,6,Unfurnished,10260,8670000
HP101577,West End,Villa,1437,3,3.0,4,7,2,7.0,5,8,6,Semi-Furnished,8654,12436000
HP101578,Northside,Apartment,1206,2,1.0,1,10,2,6.5,6,7,5,Furnished,7224,8712000
HP101579,Downtown,Independent House,1328,3,2.0,1,0,2,9.4,2,6,9,Semi-Furnished,9967,13236000
HP101580,Northside,Independent House,1138,1,1.0,4,2,2,14.1,5,8,5,Semi-Furnished,7866,8951000
HP101581,East Beach,Apartment,1392,2,2.5,3,21,2,5.4,6,7,7,Furnished,8295,11546000
HP101582,East Beach,Villa,1843,3,2.0,1,23,1,0.5,6,8,8,Semi-Furnished,8682,16001000
HP101583,West End,Villa,1484,4,3.5,4,25,1,6.2,4,8,6,Unfurnished,7689,11410000
HP101584,West End,Independent House,550,1,1.0,3,16,0,8.2,3,7,7,Unfurnished,10596,5828000
HP101585,Northside,Independent House,1140,1,1.5,3,0,1,7.8,5,9,5,Semi-Furnished,9612,10958000
HP101586,East Beach,Independent House,714,1,1.0,3,6,0,6.4,2,7,7,Furnished,11206,8001000
HP101587,South Suburbs,Independent House,1684,4,3.5,1,24,2,13.0,8,7,5,Semi-Furnished,6339,10675000
HP101588,Downtown,Apartment,1827,3,2.5,2,27,2,7.5,5,6,7,Semi-Furnished,7098,12968000
HP101589,South Suburbs,Apartment,1691,3,3.0,1,24,2,6.6,3,7,6,Furnished,5702,9642000
HP101590,Downtown,Apartment,1117,2,1.5,3,10,2,3.9,3,10,8,Unfurnished,9730,10868000
HP101591,Northside,Independent House,1686,3,2.5,4,0,1,0.5,4,6,7,Semi-Furnished,7887,13298000
HP101592,East Beach,Apartment,1291,4,3.0,3,12,1,8.3,2,8,8,Unfurnished,9167,11835000
HP101593,East Beach,Apartment,924,2,1.0,3,12,2,8.0,6,6,7,Furnished,9706,8968000
HP101594,Downtown,Apartment,1958,4,2.5,1,26,2,2.8,3,4,7,Semi-Furnished,7796,15265000
HP101595,Northside,Apartment,2000,3,2.0,3,14,2,6.8,6,8,7,Unfurnished,6004,12008000
HP101596,Downtown,Villa,2072,4,3.0,4,12,2,6.4,6,6,8,Unfurnished,8699,18025000
HP101597,Northside,Apartment,1215,3,2.0,1,13,1,4.5,7,7,7,Semi-Furnished,7847,9534000
HP101598,Northside,Apartment,2199,4,3.0,1,16,1,3.8,6,8,7,Semi-Furnished,6505,14305000
HP101599,South Suburbs,Independent House,1279,2,1.0,3,18,1,8.6,7,7,5,Semi-Furnished,6292,8048000
HP101600,Northside,Apartment,1909,3,2.0,1,5,2,6.1,8,7,6,Unfurnished,6237,11907000
HP101601,East Beach,Apartment,1269,2,2.0,1,2,1,4.6,6,6,8,Furnished,8545,10843000
HP101602,Northside,Apartment,1427,3,2.5,4,24,1,3.6,6,8,7,Furnished,7428,10600000
HP101603,South Suburbs,Independent House,550,1,1.0,1,0,2,6.5,4,7,6,Semi-Furnished,12562,6909000
HP101604,East Beach,Apartment,1384,1,1.0,2,27,1,10.7,3,4,7,Semi-Furnished,6276,8686000
HP101605,Downtown,Independent House,1600,4,2.5,2,0,2,7.8,8,8,7,Furnished,9955,15928000
HP101606,South Suburbs,Townhouse,1324,2,2.5,2,7,1,6.1,6,9,4,Furnished,6893,9126000
HP101607,Downtown,Independent House,2516,5,4.5,2,21,3,8.2,7,9,7,Semi-Furnished,8373,21067000
HP101608,West End,Apartment,911,3,2.5,2,12,1,12.5,4,10,6,Semi-Furnished,9218,8398000
HP101609,East Beach,Independent House,1240,2,3.0,4,0,2,9.0,9,8,9,Semi-Furnished,10276,12742000
HP101610,Downtown,Villa,1052,2,1.5,1,16,1,8.0,4,8,9,Furnished,11374,11965000
HP101611,Northside,Apartment,1240,2,1.0,1,13,1,9.6,3,9,7,Semi-Furnished,7438,9223000
HP101612,Downtown,Villa,2117,3,2.0,2,10,2,6.4,4,6,9,Unfurnished,7846,16609000
HP101613,Northside,Apartment,2363,4,3.0,4,6,2,7.7,8,4,6,Unfurnished,6069,14341000
HP101614,Northside,Apartment,1165,2,2.5,2,12,1,5.0,3,6,5,Furnished,6711,7818000
HP101615,Downtown,Apartment,1152,2,1.5,1,7,1,0.8,3,9,7,Furnished,10011,11533000
HP101616,Downtown,Apartment,914,1,1.0,3,34,1,8.4,10,6,7,Furnished,6075,5553000
HP101617,Northside,Apartment,2268,4,2.5,3,10,3,8.4,7,8,5,Semi-Furnished,6389,14490000
HP101618,West End,Villa,2167,3,3.0,2,9,2,5.8,3,8,6,Furnished,7608,16487000
HP101619,Downtown,Townhouse,1492,3,3.0,1,7,2,11.1,3,7,8,Furnished,9273,13836000
HP101620,South Suburbs,Apartment,782,2,1.5,4,28,0,4.1,1,5,5,Semi-Furnished,4903,3834000
HP101621,East Beach,Villa,831,3,1.5,4,0,1,0.5,5,8,7,Unfurnished,14211,11809000
HP101622,Downtown,Villa,1644,3,2.0,4,15,2,4.2,7,6,8,Furnished,9766,16055000
HP101623,South Suburbs,Apartment,1852,3,3.0,4,10,1,0.8,8,10,5,Unfurnished,6163,11413000
HP101624,Downtown,Apartment,550,1,1.5,2,0,1,8.4,1,9,8,Semi-Furnished,13109,7210000
HP101625,West End,Apartment,1373,2,1.5,2,5,2,4.0,2,6,6,Semi-Furnished,6473,8888000
HP101626,South Suburbs,Apartment,2440,5,4.5,4,15,3,10.9,5,10,6,Semi-Furnished,6145,14995000
HP101627,West End,Apartment,1430,3,3.5,2,4,2,10.9,10,8,7,Unfurnished,7606,10876000
HP101628,West End,Apartment,2369,4,3.0,4,14,3,3.3,7,4,7,Semi-Furnished,6846,16218000
HP101629,East Beach,Villa,1907,3,2.5,3,28,2,3.8,6,7,7,Unfurnished,8072,15394000
HP101630,Downtown,Apartment,954,2,1.5,4,14,1,9.1,2,9,8,Furnished,9990,9530000
HP101631,West End,Apartment,1389,4,3.0,1,0,2,10.9,1,6,7,Unfurnished,7453,10352000
HP101632,South Suburbs,Apartment,1479,3,1.5,3,4,1,0.5,5,7,4,Semi-Furnished,7068,10453000
HP101633,Downtown,Villa,1026,3,1.5,4,9,2,8.1,5,5,9,Furnished,11399,11695000
HP101634,South Suburbs,Apartment,1017,3,1.5,1,9,0,0.5,4,5,4,Unfurnished,6744,6859000
HP101635,West End,Villa,2379,5,4.5,3,13,3,4.8,4,6,7,Unfurnished,7092,16871000
HP101636,West End,Apartment,1012,1,1.0,1,15,1,11.4,3,5,8,Furnished,7559,7650000
HP101637,Downtown,Apartment,2143,4,4.0,4,28,3,19.0,3,6,9,Unfurnished,7291,15624000
HP101638,Northside,Townhouse,1310,3,2.0,4,12,1,6.0,8,10,5,Unfurnished,7121,9328000
HP101639,Downtown,Apartment,1536,3,3.0,1,2,2,2.0,3,7,8,Semi-Furnished,9860,15145000
HP101640,East Beach,Apartment,1859,4,3.0,3,22,2,4.9,4,8,8,Furnished,8650,16080000
HP101641,Northside,Apartment,1221,2,1.0,2,23,1,7.3,5,9,5,Semi-Furnished,7065,8626000
HP101642,Downtown,Townhouse,1862,3,3.0,4,14,1,4.3,7,5,8,Semi-Furnished,8629,16068000
HP101643,West End,Villa,550,1,1.5,2,10,1,3.3,3,6,6,Furnished,14965,8231000
HP101644,West End,Villa,1792,3,2.0,3,18,1,5.3,7,8,7,Semi-Furnished,7240,12974000
HP101645,Downtown,Townhouse,550,2,1.5,1,10,0,8.6,4,6,7,Semi-Furnished,11215,6168000
HP101646,East Beach,Apartment,1425,1,1.0,1,0,1,6.3,5,8,8,Semi-Furnished,8138,11597000
HP101647,East Beach,Townhouse,2020,4,3.0,4,17,2,3.5,9,10,7,Semi-Furnished,8392,16951000
HP101648,Northside,Apartment,1892,4,3.0,2,20,2,4.3,3,5,6,Semi-Furnished,6169,11672000
HP101649,South Suburbs,Villa,836,1,1.0,4,25,1,5.3,7,6,5,Semi-Furnished,6737,5632000
HP101650,South Suburbs,Apartment,907,2,1.0,4,5,2,3.0,7,7,6,Unfurnished,8182,7421000
HP101651,Downtown,Apartment,1171,2,1.5,4,14,1,4.2,6,6,8,Semi-Furnished,8969,10503000
HP101652,Downtown,Townhouse,1652,3,2.5,1,14,2,9.6,5,6,9,Unfurnished,8851,14622000
HP101653,Downtown,Apartment,550,2,1.5,1,13,1,6.1,10,6,9,Semi-Furnished,13696,7533000
HP101654,West End,Townhouse,1543,4,3.0,3,13,1,0.5,5,7,6,Unfurnished,7102,10958000
HP101655,Downtown,Apartment,1721,4,2.5,4,12,2,11.1,5,7,9,Semi-Furnished,8751,15060000
HP101656,East Beach,Independent House,1394,3,2.0,4,14,2,8.7,4,8,8,Semi-Furnished,9750,13591000
HP101657,South Suburbs,Townhouse,1839,3,3.0,3,19,2,1.5,5,7,5,Semi-Furnished,6154,11318000
HP101658,South Suburbs,Apartment,1673,5,3.5,1,23,2,5.5,7,9,6,Unfurnished,6999,11710000
HP101659,South Suburbs,Townhouse,1252,3,2.5,3,5,1,3.8,4,6,5,Unfurnished,6893,8630000
HP101660,East Beach,Villa,550,1,1.0,2,10,1,9.7,1,5,7,Furnished,13091,7200000
HP101661,Northside,Independent House,1623,2,2.0,4,8,2,5.5,6,7,6,Unfurnished,6762,10975000
HP101662,Northside,Apartment,1026,2,1.5,3,7,1,6.7,3,8,6,Furnished,8037,8246000
HP101663,Downtown,Villa,1232,2,1.5,1,0,0,6.2,7,8,10,Semi-Furnished,10751,13245000
HP101664,West End,Independent House,1814,3,2.5,4,12,3,1.1,5,9,6,Unfurnished,7901,14332000
HP101665,West End,Villa,2330,5,3.5,4,16,2,12.6,7,7,7,Semi-Furnished,6986,16277000
HP101666,East Beach,Apartment,1529,3,2.5,3,11,1,9.6,3,8,8,Semi-Furnished,7547,11539000
HP101667,Northside,Apartment,1855,4,3.5,4,12,2,4.0,4,9,7,Unfurnished,7210,13374000
HP101668,Northside,Townhouse,756,2,2.5,1,16,0,7.8,4,6,5,Furnished,9183,6942000
HP101669,West End,Apartment,1685,3,2.5,2,25,2,10.9,2,7,5,Unfurnished,6170,10397000
HP101670,Northside,Independent House,1517,3,1.5,1,8,1,7.2,7,10,7,Semi-Furnished,8357,12677000
HP101671,Northside,Townhouse,2226,4,3.5,2,1,2,13.2,1,8,6,Semi-Furnished,6542,14562000
HP101672,West End,Apartment,1253,2,1.5,2,11,1,18.7,7,8,7,Semi-Furnished,7421,9299000
HP101673,East Beach,Apartment,1417,2,2.5,2,29,1,6.5,6,8,8,Furnished,7796,11047000
HP101674,Northside,Independent House,2132,5,4.5,2,2,3,4.7,5,5,7,Unfurnished,7234,15423000
HP101675,Northside,Apartment,1499,3,2.0,3,18,1,3.0,6,6,6,Furnished,7046,10562000
HP101676,South Suburbs,Villa,940,3,2.5,1,22,1,0.5,6,5,5,Semi-Furnished,10019,9418000
HP101677,Downtown,Independent House,2953,6,4.0,2,0,3,12.0,4,8,7,Furnished,8383,24756000
HP101678,West End,Villa,957,1,1.0,4,16,1,5.6,6,6,6,Furnished,9341,8939000
HP101679,South Suburbs,Apartment,1514,1,1.5,3,17,1,10.5,7,7,5,Furnished,5877,8898000
HP101680,West End,Independent House,1741,4,3.5,1,10,1,11.3,3,7,6,Semi-Furnished,6646,11570000
HP101681,South Suburbs,Villa,1697,3,3.0,2,6,2,2.7,6,5,4,Semi-Furnished,6912,11729000
HP101682,Downtown,Apartment,1446,2,1.5,4,7,1,3.3,1,8,8,Semi-Furnished,9107,13169000
HP101683,Downtown,Villa,1448,2,3.0,1,9,1,14.0,1,4,9,Semi-Furnished,8843,12805000
HP101684,Northside,Townhouse,1421,2,1.5,4,9,1,6.7,6,6,6,Semi-Furnished,6986,9927000
HP101685,East Beach,Independent House,936,3,1.5,2,8,1,4.4,4,5,7,Semi-Furnished,9696,9075000
HP101686,West End,Villa,2733,5,3.0,3,9,3,2.8,3,6,7,Unfurnished,6869,18773000
HP101687,West End,Apartment,1429,4,4.0,2,23,0,6.4,5,7,6,Furnished,7235,10339000
HP101688,West End,Apartment,1878,4,3.0,3,1,1,13.0,4,9,8,Unfurnished,7764,14581000
HP101689,South Suburbs,Apartment,1366,2,2.0,4,0,2,9.7,3,5,5,Furnished,7184,9814000
HP101690,Downtown,Apartment,1355,2,1.5,1,23,2,7.7,1,6,8,Unfurnished,8652,11723000
HP101691,Northside,Townhouse,1300,3,2.0,2,10,0,13.4,1,4,7,Unfurnished,6136,7977000
HP101692,South Suburbs,Apartment,698,2,1.5,3,9,1,12.6,7,6,4,Furnished,7405,5169000
HP101693,Northside,Independent House,1462,3,2.5,2,11,2,8.3,4,7,5,Furnished,7231,10571000
HP101694,East Beach,Apartment,1326,2,1.5,2,14,1,18.1,7,8,7,Semi-Furnished,7164,9500000
HP101695,Downtown,Apartment,2194,4,3.5,4,7,3,6.0,4,4,8,Furnished,7881,17291000
HP101696,Northside,Apartment,892,2,2.0,1,17,1,11.4,6,8,8,Unfurnished,7763,6925000
HP101697,West End,Apartment,1233,2,1.5,1,3,1,5.4,5,6,6,Furnished,8472,10446000
HP101698,Downtown,Independent House,1056,1,1.0,3,9,1,10.6,5,5,7,Semi-Furnished,8610,9092000
HP101699,East Beach,Townhouse,2343,4,2.5,1,0,3,6.0,5,7,7,Semi-Furnished,8177,19158000
HP101700,South Suburbs,Townhouse,1072,2,3.0,1,23,1,8.8,4,8,5,Semi-Furnished,7686,8239000
HP101701,East Beach,Apartment,1859,4,4.0,4,10,3,16.6,2,7,8,Unfurnished,7830,14556000
HP101702,Downtown,Independent House,2084,5,4.5,2,18,3,10.8,7,5,8,Semi-Furnished,8933,18616000
HP101703,Northside,Apartment,1470,2,1.5,1,16,1,8.9,9,7,6,Semi-Furnished,5910,8688000
HP101704,Downtown,Townhouse,793,1,1.0,3,17,2,3.9,9,6,9,Unfurnished,10454,8290000
HP101705,South Suburbs,Villa,800,1,1.0,2,12,1,7.8,4,8,5,Furnished,9110,7288000
HP101706,South Suburbs,Apartment,2023,4,2.5,2,15,2,3.0,3,9,6,Semi-Furnished,6181,12505000
HP101707,South Suburbs,Apartment,857,1,1.0,2,3,0,10.5,4,9,7,Unfurnished,8721,7474000
HP101708,South Suburbs,Apartment,1766,3,3.0,1,1,1,10.4,5,7,5,Semi-Furnished,5754,10162000
HP101709,East Beach,Apartment,1613,2,2.0,4,11,1,6.3,5,9,7,Unfurnished,7536,12155000
HP101710,East Beach,Townhouse,1757,4,2.5,1,6,1,13.7,3,5,7,Unfurnished,7627,13401000
HP101711,East Beach,Independent House,1809,3,2.5,2,25,2,13.1,2,10,7,Semi-Furnished,7516,13596000
HP101712,West End,Townhouse,1036,2,2.0,2,15,1,7.6,5,5,5,Unfurnished,6824,7070000
HP101713,South Suburbs,Apartment,1013,2,1.5,3,6,1,9.3,1,4,5,Unfurnished,5683,5757000
HP101714,Northside,Villa,1943,4,3.0,3,10,2,4.6,5,9,6,Semi-Furnished,7415,14407000
HP101715,Northside,Apartment,1204,2,2.0,2,13,1,5.9,3,6,6,Unfurnished,7491,9019000
HP101716,South Suburbs,Villa,550,1,1.0,3,11,1,2.7,7,7,5,Furnished,10898,5994000
HP101717,Northside,Apartment,1907,4,3.0,1,14,1,5.1,7,5,6,Furnished,6887,13133000
HP101718,East Beach,Apartment,980,2,1.5,1,13,1,6.6,7,10,7,Unfurnished,10291,10085000
HP101719,West End,Villa,1807,4,3.0,4,0,2,0.5,4,10,7,Semi-Furnished,8632,15598000
HP101720,West End,Apartment,2316,5,3.5,3,0,2,9.3,3,9,7,Unfurnished,7229,16742000
HP101721,Downtown,Villa,1559,3,1.5,3,9,2,11.1,3,7,7,Semi-Furnished,9182,14315000
HP101722,Northside,Independent House,2098,4,3.0,4,17,2,7.0,6,8,7,Unfurnished,6904,14484000
HP101723,Northside,Apartment,1635,4,3.5,4,9,1,0.5,1,7,5,Furnished,7272,11890000
HP101724,Northside,Townhouse,2423,5,3.0,3,23,3,6.0,8,9,5,Unfurnished,6160,14925000
HP101725,West End,Villa,966,3,2.5,4,12,1,1.4,4,6,7,Semi-Furnished,10761,10395000
HP101726,Northside,Independent House,1545,2,2.0,3,24,2,4.6,6,9,6,Unfurnished,6749,10427000
HP101727,South Suburbs,Independent House,1920,5,3.0,1,22,1,12.8,1,6,6,Unfurnished,5770,11078000
HP101728,West End,Independent House,1445,3,2.5,3,21,2,0.5,3,6,7,Semi-Furnished,8038,11615000
HP101729,West End,Independent House,2184,4,4.0,4,1,3,3.7,1,6,6,Semi-Furnished,7711,16841000
HP101730,Downtown,Townhouse,1312,2,2.0,4,12,1,10.3,7,7,8,Furnished,10246,13443000
HP101731,Northside,Villa,2688,6,3.5,3,23,3,4.2,5,6,6,Unfurnished,6224,16730000
HP101732,South Suburbs,Apartment,2717,6,5.0,4,14,2,3.9,6,8,5,Unfurnished,5796,15748000
HP101733,Northside,Apartment,1705,3,2.0,1,17,3,15.1,5,6,6,Semi-Furnished,5572,9500000
HP101734,South Suburbs,Villa,1854,4,3.5,1,0,2,8.5,6,8,5,Semi-Furnished,7697,14270000
HP101735,South Suburbs,Apartment,2205,4,3.0,2,29,2,10.7,4,9,5,Furnished,5453,12023000
HP101736,Northside,Apartment,897,1,1.0,1,5,0,9.0,5,7,5,Furnished,7467,6698000
HP101737,West End,Apartment,828,1,1.0,4,0,0,7.6,5,10,7,Furnished,10133,8390000
HP101738,Downtown,Villa,2241,5,4.0,1,9,3,12.1,6,9,8,Unfurnished,8845,19822000
HP101739,Downtown,Apartment,1701,3,2.0,3,0,1,14.6,6,10,6,Semi-Furnished,8154,13870000
HP101740,East Beach,Villa,1425,2,1.5,4,2,1,0.5,10,7,8,Semi-Furnished,10272,14638000
HP101741,West End,Independent House,1556,4,2.5,1,35,2,6.9,9,5,7,Semi-Furnished,7607,11837000
HP101742,Northside,Independent House,550,1,1.0,1,9,1,6.8,1,6,5,Semi-Furnished,10978,6038000
HP101743,West End,Apartment,1445,4,3.0,3,0,2,5.3,5,6,6,Unfurnished,7788,11254000
HP101744,Downtown,Villa,1136,1,1.0,4,12,1,10.9,4,6,8,Semi-Furnished,8856,10060000
HP101745,East Beach,Villa,2055,4,3.5,1,4,3,8.0,8,4,7,Furnished,8458,17382000
HP101746,South Suburbs,Villa,2097,4,3.0,1,20,2,14.7,4,9,5,Unfurnished,6152,12900000
HP101747,South Suburbs,Independent House,1867,3,2.5,4,4,2,11.4,6,4,6,Furnished,6523,12178000
HP101748,East Beach,Apartment,1768,3,2.5,3,14,2,12.5,1,8,8,Semi-Furnished,7312,12927000
HP101749,South Suburbs,Townhouse,726,3,2.5,3,2,1,2.2,2,10,7,Unfurnished,12117,8797000
HP101750,Northside,Apartment,1875,4,3.5,2,35,2,3.8,10,6,6,Unfurnished,5813,10899000
HP101751,South Suburbs,Independent House,1896,3,2.5,2,17,2,4.1,5,8,6,Unfurnished,6007,11389000
HP101752,South Suburbs,Villa,2235,3,3.0,2,11,2,12.3,3,6,5,Semi-Furnished,5787,12934000
HP101753,Northside,Apartment,2715,4,3.0,1,9,2,3.1,6,8,6,Unfurnished,5797,15740000
HP101754,East Beach,Independent House,619,1,1.0,2,7,0,3.2,3,5,7,Semi-Furnished,10444,6465000
HP101755,Northside,Apartment,1336,2,2.0,4,5,1,2.5,4,7,6,Furnished,8311,11103000
HP101756,East Beach,Independent House,1142,2,2.5,3,5,1,18.0,2,9,7,Semi-Furnished,9975,11391000
HP101757,East Beach,Villa,1645,2,2.0,4,27,1,6.4,3,7,8,Unfurnished,8586,14124000
HP101758,Northside,Apartment,1557,3,2.0,2,7,1,9.1,4,5,6,Semi-Furnished,6722,10466000
HP101759,West End,Apartment,1421,3,2.0,4,0,2,2.4,7,9,6,Furnished,9042,12848000
HP101760,West End,Independent House,2115,5,4.0,2,2,3,10.8,6,5,6,Semi-Furnished,7503,15869000
HP101761,East Beach,Apartment,944,1,1.0,3,20,0,0.5,6,7,7,Unfurnished,8052,7601000
HP101762,West End,Townhouse,977,1,1.0,3,10,1,3.1,5,8,7,Semi-Furnished,9544,9324000
HP101763,Downtown,Independent House,987,1,1.0,4,11,1,4.1,7,7,8,Semi-Furnished,11261,11115000
HP101764,Northside,Independent House,1352,3,1.5,4,23,1,7.9,3,10,6,Semi-Furnished,7758,10489000
HP101765,West End,Apartment,874,1,2.0,1,5,0,3.8,3,8,6,Unfurnished,7918,6920000
HP101766,South Suburbs,Independent House,1523,4,3.0,4,18,1,13.1,6,7,6,Furnished,7076,10777000
HP101767,West End,Townhouse,1459,3,3.5,3,6,2,9.0,4,8,5,Unfurnished,7500,10942000
HP101768,West End,Apartment,1117,2,2.0,3,17,2,4.2,5,7,7,Unfurnished,7710,8612000
HP101769,Downtown,Apartment,2031,5,4.0,1,8,2,11.0,5,7,7,Unfurnished,8761,17794000
HP101770,Downtown,Apartment,1517,3,1.5,2,10,2,5.4,8,7,8,Semi-Furnished,8397,12738000
HP101771,East Beach,Apartment,2134,4,3.0,4,19,2,4.6,8,6,7,Semi-Furnished,8127,17344000
HP101772,East Beach,Independent House,1443,2,2.5,4,19,1,10.6,4,7,6,Unfurnished,7922,11431000
HP101773,East Beach,Villa,1537,2,2.5,1,11,1,0.5,1,6,8,Semi-Furnished,8504,13071000
HP101774,East Beach,Villa,1240,2,2.0,2,8,1,9.9,3,4,8,Semi-Furnished,8936,11081000
HP101775,Northside,Apartment,1546,4,2.5,4,26,2,4.1,3,9,6,Unfurnished,6471,10004000
HP101776,Downtown,Apartment,1942,4,2.5,4,17,3,4.1,7,6,8,Furnished,8279,16077000
HP101777,East Beach,Apartment,1324,3,2.0,2,8,1,14.8,7,7,8,Semi-Furnished,8517,11277000
HP101778,Downtown,Townhouse,1835,3,3.0,4,6,2,4.9,3,6,9,Unfurnished,8511,15617000
HP101779,East Beach,Villa,1103,3,3.0,4,21,2,10.8,3,6,7,Furnished,9159,10102000
HP101780,Northside,Apartment,1967,3,2.5,1,13,3,8.1,2,5,7,Furnished,6288,12368000
HP101781,Downtown,Independent House,1231,1,1.0,1,11,1,8.5,5,8,8,Semi-Furnished,8540,10513000
HP101782,East Beach,Apartment,2018,4,4.0,1,13,2,6.0,5,9,8,Furnished,7851,15843000
HP101783,Downtown,Apartment,1584,4,2.5,1,15,2,5.8,7,7,8,Semi-Furnished,8376,13268000
HP101784,South Suburbs,Apartment,2387,6,4.5,3,11,2,13.1,6,6,5,Semi-Furnished,6253,14925000
HP101785,Northside,Townhouse,915,1,1.0,2,23,1,10.7,6,4,5,Furnished,6875,6291000
HP101786,East Beach,Independent House,738,1,1.0,3,23,0,5.0,2,8,7,Furnished,10673,7877000
HP101787,Downtown,Villa,1211,1,1.0,1,17,1,2.8,4,6,8,Unfurnished,9060,10972000
HP101788,Downtown,Apartment,788,2,1.5,3,24,1,4.7,7,5,9,Semi-Furnished,10506,8279000
HP101789,West End,Apartment,789,2,2.5,3,12,0,10.9,4,7,6,Semi-Furnished,9624,7593000
HP101790,Northside,Independent House,1892,4,4.0,4,18,1,11.7,1,6,6,Unfurnished,6523,12341000
HP101791,West End,Apartment,1548,4,3.0,2,21,2,9.2,7,5,7,Furnished,8133,12590000
HP101792,South Suburbs,Townhouse,1286,2,1.5,3,21,1,0.5,4,5,6,Semi-Furnished,6329,8139000
HP101793,East Beach,Independent House,1337,3,2.0,2,20,2,10.0,7,8,8,Semi-Furnished,9311,12449000
HP101794,East Beach,Apartment,1222,2,1.5,2,18,2,12.2,5,6,8,Semi-Furnished,8321,10168000
HP101795,West End,Independent House,2458,5,3.5,3,30,2,7.7,4,8,7,Semi-Furnished,6496,15967000
HP101796,East Beach,Townhouse,1145,2,1.5,3,7,2,14.9,8,7,7,Unfurnished,8824,10103000
HP101797,South Suburbs,Villa,823,2,2.0,4,11,1,1.7,2,9,7,Furnished,9258,7619000
HP101798,Downtown,Independent House,1988,4,3.0,1,10,2,9.7,8,6,9,Semi-Furnished,8718,17332000
HP101799,West End,Townhouse,1431,3,2.5,1,9,0,2.9,4,7,7,Semi-Furnished,7931,11349000
HP101800,West End,Apartment,2671,6,4.5,3,0,3,11.2,5,8,7,Semi-Furnished,7051,18834000
HP101801,Downtown,Townhouse,1261,1,1.0,3,24,1,9.5,5,6,9,Unfurnished,7797,9832000
HP101802,West End,Apartment,2015,3,2.0,4,3,2,14.2,4,9,6,Unfurnished,6856,13814000
HP101803,West End,Independent House,2145,4,3.5,3,14,2,9.0,3,5,7,Semi-Furnished,6707,14387000
HP101804,East Beach,Independent House,1263,1,1.0,1,0,1,5.4,4,6,9,Unfurnished,9979,12604000
HP101805,Downtown,Villa,1141,2,2.5,2,18,1,5.0,3,4,9,Semi-Furnished,10075,11496000
HP101806,Downtown,Villa,1958,4,3.0,4,5,2,6.0,9,6,8,Furnished,9045,17710000
HP101807,Downtown,Villa,1866,4,3.5,4,2,2,5.0,4,7,9,Semi-Furnished,9782,18253000
HP101808,West End,Apartment,774,2,2.0,4,14,1,12.4,8,8,7,Semi-Furnished,10306,7977000
HP101809,Downtown,Apartment,929,2,1.5,2,6,0,12.1,7,7,9,Semi-Furnished,10418,9678000
HP101810,South Suburbs,Apartment,550,1,1.0,1,7,1,1.0,6,6,6,Unfurnished,8516,4684000
HP101811,East Beach,Villa,1877,3,2.0,1,14,1,7.2,5,5,8,Furnished,8871,16650000
HP101812,Northside,Apartment,1406,3,2.5,4,19,2,7.2,5,5,6,Semi-Furnished,6956,9780000
HP101813,Northside,Apartment,1461,3,2.5,2,5,1,3.9,6,7,7,Unfurnished,6858,10019000
HP101814,West End,Townhouse,620,2,1.5,4,3,0,8.8,5,8,8,Unfurnished,12163,7541000
HP101815,South Suburbs,Apartment,946,2,2.0,1,12,2,12.8,2,6,5,Furnished,6756,6391000
HP101816,Downtown,Apartment,1287,1,1.0,2,17,1,10.6,1,9,8,Unfurnished,7865,10122000
HP101817,East Beach,Apartment,1180,1,1.0,4,25,1,12.4,8,6,8,Semi-Furnished,6681,7883000
HP101818,East Beach,Apartment,1615,3,3.0,1,2,2,4.1,1,6,7,Unfurnished,8126,13123000
HP101819,Downtown,Independent House,1871,2,1.5,1,9,1,7.1,5,7,7,Unfurnished,7717,14439000
HP101820,East Beach,Apartment,2798,6,4.0,2,23,3,3.9,4,9,7,Furnished,7392,20684000
HP101821,East Beach,Apartment,1539,3,2.0,1,30,2,8.0,5,7,7,Unfurnished,7396,11382000
HP101822,Northside,Townhouse,2163,4,1.5,3,3,2,8.3,2,4,6,Unfurnished,6000,12978000
HP101823,East Beach,Independent House,1094,1,1.0,1,5,0,10.8,6,8,7,Semi-Furnished,8924,9763000
HP101824,South Suburbs,Independent House,629,2,2.0,1,15,0,12.3,5,10,6,Furnished,11658,7333000
HP101825,Northside,Townhouse,1356,2,1.5,3,7,1,9.8,10,7,6,Semi-Furnished,6986,9473000
HP101826,South Suburbs,Townhouse,671,1,1.0,2,5,1,3.6,5,6,6,Unfurnished,8472,5685000
HP101827,Downtown,Apartment,1558,2,1.0,3,14,2,1.6,8,8,7,Furnished,8170,12729000
HP101828,South Suburbs,Villa,1121,2,1.0,4,26,1,9.1,2,10,5,Semi-Furnished,6451,7232000
HP101829,Northside,Villa,550,1,1.5,4,0,0,13.0,7,8,6,Furnished,13302,7316000
HP101830,South Suburbs,Apartment,2505,6,5.0,3,25,3,6.9,5,5,6,Furnished,5954,14916000
HP101831,East Beach,Apartment,1254,3,2.0,4,7,1,0.9,6,8,8,Semi-Furnished,9096,11406000
HP101832,South Suburbs,Apartment,649,1,1.0,3,15,2,15.3,6,8,5,Semi-Furnished,8122,5271000
HP101833,West End,Independent House,2044,5,4.0,1,26,2,9.0,9,6,7,Semi-Furnished,7322,14967000
HP101834,Downtown,Independent House,1149,2,1.0,4,15,1,7.7,6,9,7,Semi-Furnished,8865,10186000
HP101835,West End,Independent House,2150,3,1.5,3,9,2,2.3,3,8,7,Semi-Furnished,7232,15549000
HP101836,Downtown,Apartment,1147,2,1.5,1,18,2,7.1,4,9,7,Furnished,9962,11426000
HP101837,South Suburbs,Apartment,1253,2,2.0,3,10,2,9.7,7,5,6,Semi-Furnished,5484,6871000
HP101838,East Beach,Villa,1740,3,2.5,1,17,2,9.0,6,8,8,Unfurnished,9110,15851000
HP101839,East Beach,Villa,1876,3,3.0,3,10,2,4.3,2,6,8,Semi-Furnished,8144,15278000
HP101840,West End,Townhouse,1973,3,1.5,3,20,2,6.8,6,7,5,Semi-Furnished,6021,11879000
HP101841,West End,Townhouse,1501,3,2.5,1,0,2,4.5,3,9,6,Semi-Furnished,8484,12735000
HP101842,Downtown,Townhouse,1841,5,3.5,2,3,3,13.7,6,5,9,Furnished,9544,17571000
HP101843,South Suburbs,Townhouse,1960,3,2.5,1,0,2,10.6,3,5,6,Semi-Furnished,5946,11655000
HP101844,South Suburbs,Townhouse,1660,2,1.5,1,11,2,4.9,4,8,5,Unfurnished,6164,10232000
HP101845,Northside,Villa,1472,2,1.5,1,0,1,2.3,4,7,4,Semi-Furnished,8504,12518000
HP101846,Northside,Apartment,755,2,1.0,4,6,1,8.1,8,9,7,Semi-Furnished,10242,7733000
HP101847,West End,Apartment,1880,3,3.0,2,2,1,5.0,6,6,8,Furnished,8587,16144000
HP101848,West End,Apartment,1573,3,2.5,1,25,2,5.3,8,7,7,Semi-Furnished,7732,12162000
HP101849,West End,Apartment,1323,3,1.5,3,3,1,2.5,10,8,7,Semi-Furnished,8712,11526000
HP101850,Downtown,Apartment,2253,5,4.0,3,0,2,3.0,5,7,8,Semi-Furnished,8717,19639000
HP101851,Downtown,Townhouse,765,1,1.0,1,14,1,7.7,8,4,9,Semi-Furnished,10254,7844000
HP101852,East Beach,Apartment,2454,4,3.0,3,27,3,5.9,3,10,8,Unfurnished,7254,17802000
HP101853,West End,Townhouse,1538,3,2.0,1,11,1,17.0,8,7,6,Furnished,7647,11761000
HP101854,Downtown,Independent House,1725,3,2.5,3,12,2,9.4,3,5,8,Furnished,8481,14630000
HP101855,Downtown,Independent House,1333,2,1.5,4,24,3,2.4,5,7,8,Semi-Furnished,8532,11373000
HP101856,South Suburbs,Independent House,633,1,1.0,2,20,1,0.9,6,8,5,Semi-Furnished,10908,6905000
HP101857,East Beach,Apartment,1473,3,3.0,3,16,1,8.6,7,8,6,Unfurnished,8325,12262000
HP101858,West End,Independent House,1734,3,2.5,1,7,2,5.4,2,8,7,Semi-Furnished,7299,12656000
HP101859,West End,Apartment,1922,4,3.0,2,16,2,12.3,3,7,7,Semi-Furnished,6876,13216000
HP101860,Northside,Townhouse,1441,4,3.5,4,0,2,8.1,6,4,7,Semi-Furnished,8557,12331000
HP101861,Northside,Apartment,550,1,1.0,1,6,1,0.5,4,8,7,Unfurnished,12315,6773000
HP101862,East Beach,Apartment,702,1,1.0,4,25,0,2.9,2,5,7,Semi-Furnished,7530,5286000
HP101863,South Suburbs,Independent House,2679,6,4.5,1,24,2,4.3,5,9,5,Unfurnished,6115,16383000
HP101864,East Beach,Independent House,949,2,1.0,2,16,1,8.8,5,6,8,Semi-Furnished,9563,9075000
HP101865,South Suburbs,Villa,2335,6,4.5,1,0,2,2.8,5,8,6,Semi-Furnished,7200,16813000
HP101866,West End,Independent House,1036,2,1.5,1,1,0,7.6,6,6,8,Unfurnished,8617,8927000
HP101867,Downtown,Apartment,1450,3,3.0,2,6,1,1.7,6,6,8,Semi-Furnished,7358,10669000
HP101868,Northside,Independent House,1894,4,3.5,3,10,2,7.0,3,6,6,Furnished,6907,13082000
HP101869,Downtown,Apartment,1099,2,2.0,3,1,1,8.5,4,8,8,Semi-Furnished,10258,11273000
HP101870,Northside,Apartment,2426,4,2.5,2,10,2,12.8,7,6,5,Unfurnished,5695,13816000
HP101871,Downtown,Apartment,1592,3,2.5,2,28,2,8.0,4,8,7,Semi-Furnished,8217,13082000
HP101872,East Beach,Apartment,1803,4,2.5,1,16,2,3.7,4,6,8,Semi-Furnished,8318,14997000
HP101873,Northside,Apartment,1403,3,2.5,3,14,1,13.0,2,7,6,Semi-Furnished,6418,9005000
HP101874,South Suburbs,Villa,1912,4,2.0,1,3,3,6.3,5,7,5,Semi-Furnished,6701,12813000
HP101875,West End,Apartment,2418,4,2.5,4,0,2,10.1,6,7,7,Unfurnished,6140,14846000
HP101876,Downtown,Apartment,1478,3,3.0,1,1,1,4.5,1,6,7,Semi-Furnished,8175,12082000
HP101877,East Beach,Villa,2501,4,3.5,3,0,2,7.4,3,8,7,Semi-Furnished,7627,19076000
HP101878,South Suburbs,Apartment,1214,3,2.0,2,13,1,3.8,2,7,5,Furnished,7222,8767000
HP101879,Northside,Independent House,1970,3,2.0,4,15,3,8.3,7,8,6,Unfurnished,6559,12921000
HP101880,Downtown,Townhouse,1819,4,2.5,2,3,1,10.2,1,7,7,Semi-Furnished,8280,15061000
HP101881,East Beach,Apartment,962,2,2.0,4,13,1,5.0,5,8,7,Semi-Furnished,9053,8709000
HP101882,East Beach,Townhouse,1668,3,2.0,4,25,2,4.8,7,6,7,Unfurnished,7311,12194000
HP101883,Downtown,Apartment,1554,3,3.0,2,30,3,8.4,5,6,9,Semi-Furnished,8629,13410000
HP101884,South Suburbs,Apartment,1081,2,1.5,2,19,1,3.7,4,8,5,Unfurnished,6437,6958000
HP101885,Northside,Independent House,1747,3,2.5,2,10,1,0.9,6,6,7,Unfurnished,7536,13166000
HP101886,Downtown,Independent House,1630,4,2.5,2,19,2,8.4,7,9,8,Semi-Furnished,8379,13658000
HP101887,Northside,Independent House,1510,3,2.0,2,24,2,6.6,5,7,6,Unfurnished,7059,10659000
HP101888,West End,Apartment,1512,4,3.0,1,0,1,6.5,1,5,7,Semi-Furnished,7588,11473000
HP101889,Downtown,Independent House,1500,4,3.0,2,25,1,9.1,8,6,8,Unfurnished,8667,13001000
HP101890,West End,Apartment,1348,2,1.5,4,7,2,9.6,6,6,6,Semi-Furnished,7972,10746000
HP101891,Downtown,Apartment,1627,3,2.5,4,7,2,6.4,5,9,7,Semi-Furnished,8674,14113000
HP101892,East Beach,Apartment,1196,2,2.5,1,9,0,2.5,1,8,7,Furnished,9209,11014000
HP101893,South Suburbs,Townhouse,3011,5,4.0,3,15,3,4.4,4,7,6,Furnished,5508,16586000
HP101894,Northside,Apartment,775,1,1.5,1,2,0,9.3,3,7,7,Semi-Furnished,8672,6721000
HP101895,Downtown,Independent House,1228,3,2.5,3,9,0,7.5,2,7,8,Semi-Furnished,8923,10958000
HP101896,South Suburbs,Independent House,1272,2,2.0,3,17,1,4.8,5,8,4,Unfurnished,6515,8287000
HP101897,West End,Independent House,2672,5,3.5,4,14,3,3.9,4,8,7,Semi-Furnished,7155,19119000
HP101898,South Suburbs,Independent House,824,1,1.0,3,15,1,9.5,4,8,5,Unfurnished,8249,6797000
HP101899,Northside,Townhouse,1784,5,3.5,4,9,2,6.1,7,7,5,Semi-Furnished,7100,12667000
HP101900,East Beach,Apartment,1687,2,2.0,4,18,2,10.0,6,6,5,Unfurnished,6599,11133000
HP101901,West End,Apartment,1733,4,3.5,3,22,2,10.5,4,8,6,Furnished,6932,12013000
HP101902,West End,Villa,2230,4,3.0,2,21,2,5.7,4,9,6,Semi-Furnished,7084,15797000
HP101903,Northside,Apartment,2219,4,3.5,2,16,2,10.8,4,9,5,Semi-Furnished,5885,13059000
HP101904,East Beach,Apartment,1302,2,1.5,2,20,1,7.6,4,9,8,Semi-Furnished,7071,9207000
HP101905,East Beach,Apartment,1657,4,3.5,2,20,1,8.1,6,7,7,Unfurnished,7358,12192000
HP101906,East Beach,Apartment,550,2,2.0,2,36,1,0.5,3,6,8,Unfurnished,9933,5463000
HP101907,East Beach,Apartment,1605,3,2.5,2,23,2,3.1,8,6,9,Furnished,8272,13276000
HP101908,Downtown,Apartment,1113,3,2.5,3,11,1,3.3,6,9,8,Furnished,10991,12233000
HP101909,Downtown,Townhouse,1447,4,3.5,2,4,1,5.7,1,4,8,Unfurnished,9516,13769000
HP101910,South Suburbs,Apartment,623,2,1.5,2,10,0,7.5,5,9,5,Semi-Furnished,8796,5480000
HP101911,Downtown,Townhouse,1773,3,2.5,3,9,2,7.6,7,6,9,Semi-Furnished,8193,14526000
HP101912,South Suburbs,Townhouse,617,2,2.0,2,17,0,8.1,6,10,6,Unfurnished,10374,6401000
HP101913,Downtown,Apartment,1632,3,2.0,1,6,2,4.3,4,7,7,Semi-Furnished,8602,14038000
HP101914,Northside,Independent House,875,1,1.0,1,23,1,9.8,5,8,6,Unfurnished,7314,6400000
HP101915,East Beach,Villa,1083,1,1.0,4,0,1,14.2,5,10,7,Unfurnished,10444,11311000
HP101916,West End,Independent House,2185,3,2.0,4,0,2,5.6,7,7,6,Semi-Furnished,7384,16134000
HP101917,East Beach,Apartment,1873,4,3.0,3,11,1,4.3,2,6,9,Unfurnished,7877,14754000
HP101918,West End,Apartment,2182,4,3.0,1,4,2,4.3,4,6,7,Furnished,7233,15783000
HP101919,West End,Apartment,2408,4,3.0,3,1,3,7.3,9,5,7,Semi-Furnished,7181,17293000
HP101920,West End,Villa,1125,3,2.5,2,6,2,4.9,5,7,7,Furnished,9852,11083000
HP101921,East Beach,Townhouse,2374,5,3.5,2,5,2,0.5,8,6,8,Semi-Furnished,7928,18821000
HP101922,West End,Independent House,744,2,2.0,4,12,0,1.2,10,5,5,Furnished,10547,7847000
HP101923,South Suburbs,Independent House,1960,4,3.0,4,6,2,11.1,4,7,6,Semi-Furnished,6072,11902000
HP101924,West End,Townhouse,1279,2,2.5,3,7,2,12.1,2,8,6,Semi-Furnished,7905,10110000
HP101925,East Beach,Independent House,1038,2,1.5,3,12,1,13.4,4,6,6,Semi-Furnished,8727,9059000
HP101926,Downtown,Apartment,1888,4,2.5,3,21,2,7.9,7,7,7,Furnished,8138,15364000
HP101927,East Beach,Townhouse,2070,4,2.5,4,25,1,3.0,8,9,8,Unfurnished,7650,15835000
HP101928,Downtown,Apartment,2053,3,3.0,3,13,2,5.2,10,5,7,Semi-Furnished,8450,17347000
HP101929,Downtown,Apartment,1668,3,2.0,3,14,1,1.0,5,10,9,Furnished,9511,15864000
HP101930,South Suburbs,Villa,1623,2,1.0,1,10,2,0.9,6,6,5,Semi-Furnished,6600,10712000
HP101931,Downtown,Townhouse,1840,4,3.5,4,16,1,8.0,3,7,9,Furnished,8794,16181000
HP101932,West End,Apartment,1717,3,2.0,4,16,2,9.2,1,9,6,Semi-Furnished,7367,12649000
HP101933,South Suburbs,Villa,1848,5,4.0,2,24,3,14.8,5,9,6,Unfurnished,6455,11928000
HP101934,South Suburbs,Apartment,1662,2,2.0,2,0,2,6.7,2,8,6,Semi-Furnished,5969,9920000
HP101935,Downtown,Apartment,2014,4,3.0,4,10,1,1.6,6,6,8,Semi-Furnished,8400,16918000
HP101936,Downtown,Apartment,655,2,3.0,4,15,1,6.5,1,6,7,Unfurnished,10977,7190000
HP101937,East Beach,Independent House,1478,2,1.0,2,12,2,5.9,3,6,8,Unfurnished,8362,12359000
HP101938,West End,Townhouse,789,1,1.0,1,4,1,5.0,6,10,5,Unfurnished,10536,8313000
HP101939,South Suburbs,Apartment,1702,3,2.5,4,0,2,8.4,6,6,6,Furnished,6340,10791000
HP101940,East Beach,Apartment,2453,4,4.0,3,19,2,2.1,5,7,8,Furnished,7175,17601000
HP101941,Downtown,Apartment,1289,3,3.0,4,5,1,7.5,9,5,8,Semi-Furnished,9194,11851000
HP101942,East Beach,Apartment,1620,2,2.5,3,0,2,9.6,8,5,6,Unfurnished,7927,12842000
HP101943,South Suburbs,Villa,1966,4,2.5,3,20,1,12.7,3,7,4,Semi-Furnished,5445,10704000
HP101944,Downtown,Independent House,550,1,1.0,1,16,2,8.2,9,7,8,Furnished,11953,6574000
HP101945,East Beach,Independent House,1263,2,1.5,3,11,1,11.2,9,7,8,Semi-Furnished,9105,11499000
HP101946,Downtown,Apartment,1750,3,2.0,2,4,2,5.2,5,5,7,Unfurnished,7918,13856000
HP101947,Downtown,Villa,550,2,2.5,1,11,0,5.8,5,7,10,Unfurnished,13611,7486000
HP101948,South Suburbs,Apartment,1013,2,1.5,4,23,0,12.4,5,9,5,Furnished,6445,6529000
HP101949,Downtown,Apartment,2155,3,2.5,2,0,3,1.5,4,6,7,Furnished,8206,17683000
HP101950,East Beach,Townhouse,2102,3,2.5,1,0,2,5.4,4,8,7,Unfurnished,8404,17666000
HP101951,South Suburbs,Independent House,1756,3,1.5,4,6,2,11.5,8,3,5,Furnished,6189,10868000
HP101952,Northside,Townhouse,2035,4,3.0,4,12,2,6.2,6,6,5,Unfurnished,6634,13500000
HP101953,Downtown,Townhouse,1668,3,2.0,2,8,2,5.9,4,4,9,Unfurnished,8503,14183000
HP101954,West End,Independent House,1855,4,3.0,2,18,1,5.9,3,9,7,Furnished,7516,13943000
HP101955,South Suburbs,Townhouse,1376,2,1.5,1,22,1,7.5,3,8,6,Semi-Furnished,5915,8139000
HP101956,West End,Apartment,1614,3,2.0,3,15,1,11.3,5,5,7,Semi-Furnished,7144,11530000
HP101957,West End,Apartment,1202,3,2.5,3,17,2,10.7,7,7,7,Furnished,8678,10431000
HP101958,West End,Apartment,2245,4,3.0,3,14,3,7.0,3,9,6,Furnished,6536,14674000
HP101959,Northside,Apartment,2387,5,3.5,4,12,2,11.4,7,9,6,Unfurnished,5999,14320000
HP101960,Downtown,Apartment,2309,3,2.5,2,0,2,8.4,5,6,7,Semi-Furnished,7437,17173000
HP101961,South Suburbs,Apartment,1326,2,1.5,3,3,2,10.4,5,4,5,Furnished,6799,9016000
HP101962,South Suburbs,Independent House,1025,3,2.5,3,0,0,2.9,7,6,5,Semi-Furnished,7714,7907000
HP101963,Downtown,Independent House,2252,4,3.0,4,11,1,14.0,7,8,8,Furnished,8548,19250000
HP101964,South Suburbs,Villa,1849,4,3.0,3,14,2,7.9,2,10,4,Semi-Furnished,6779,12534000
HP101965,South Suburbs,Apartment,1731,2,1.5,1,0,2,0.5,3,7,5,Unfurnished,6111,10578000
HP101966,Northside,Independent House,1202,2,1.5,3,13,2,13.6,4,6,6,Unfurnished,6780,8149000
HP101967,East Beach,Apartment,1784,3,3.0,4,4,2,7.0,6,10,7,Furnished,9007,16069000
HP101968,West End,Apartment,953,3,2.5,3,2,1,5.4,8,8,7,Furnished,10607,10108000
HP101969,South Suburbs,Apartment,1899,3,2.0,3,6,2,4.6,5,5,6,Unfurnished,5298,10061000
HP101970,Downtown,Apartment,2308,5,4.0,3,2,3,8.8,9,7,7,Unfurnished,7993,18447000
HP101971,South Suburbs,Apartment,2447,5,3.5,3,17,3,3.4,3,8,5,Furnished,5454,13347000
HP101972,South Suburbs,Independent House,1940,3,2.5,2,10,2,4.7,4,7,6,Unfurnished,6627,12857000
HP101973,Northside,Independent House,790,1,1.0,4,19,0,4.8,4,8,6,Unfurnished,9408,7432000
HP101974,East Beach,Independent House,1659,3,3.0,1,8,2,5.8,3,5,7,Furnished,8948,14844000
HP101975,West End,Apartment,2727,4,3.0,4,8,1,4.9,8,5,7,Furnished,6513,17762000
HP101976,Downtown,Independent House,1072,2,2.5,1,29,1,10.4,1,6,8,Furnished,8184,8773000
HP101977,South Suburbs,Independent House,1517,4,2.5,1,0,2,8.1,4,7,6,Semi-Furnished,7092,10758000
HP101978,East Beach,Apartment,2327,5,3.5,3,24,3,8.6,8,8,7,Semi-Furnished,7208,16772000
HP101979,Downtown,Independent House,1889,4,3.5,3,27,2,9.4,4,8,8,Furnished,8551,16152000
HP101980,Northside,Villa,2914,6,4.5,4,19,3,6.6,7,10,7,Unfurnished,7021,20459000
HP101981,Northside,Apartment,1147,3,3.5,2,9,2,2.9,10,6,6,Unfurnished,9164,10511000
HP101982,Northside,Apartment,1006,2,1.5,1,25,2,14.2,5,7,6,Furnished,6627,6667000
HP101983,Downtown,Villa,2223,4,3.0,2,9,2,10.7,8,6,7,Semi-Furnished,7708,17135000
HP101984,Northside,Apartment,892,3,3.5,3,6,1,13.5,10,9,6,Furnished,9157,8168000
HP101985,Northside,Apartment,1442,4,2.5,2,9,0,11.1,6,9,7,Unfurnished,7881,11365000
HP101986,Northside,Apartment,1514,3,1.5,2,7,2,5.2,5,6,5,Furnished,7110,10764000
HP101987,South Suburbs,Townhouse,2120,4,2.5,4,3,2,0.5,7,10,6,Semi-Furnished,6707,14219000
HP101988,East Beach,Apartment,1888,3,3.0,3,22,2,2.1,8,6,8,Semi-Furnished,7555,14264000
HP101989,East Beach,Apartment,1801,3,1.5,3,5,1,9.5,5,9,7,Furnished,7725,13912000
HP101990,South Suburbs,Apartment,1329,3,2.5,3,12,2,6.6,4,9,6,Semi-Furnished,6518,8663000
HP101991,West End,Townhouse,2218,3,2.5,2,0,2,5.3,9,5,6,Semi-Furnished,7643,16952000
HP101992,West End,Villa,3764,6,5.0,3,12,3,0.5,4,8,6,Semi-Furnished,6947,26149000
HP101993,East Beach,Townhouse,1930,5,4.5,4,2,2,6.9,8,3,7,Furnished,8296,16012000
HP101994,Northside,Apartment,1605,3,2.5,3,1,2,2.7,6,8,6,Furnished,7011,11253000
HP101995,Northside,Apartment,836,1,1.5,2,11,0,4.1,9,5,7,Semi-Furnished,8334,6967000
HP101996,Downtown,Villa,1199,2,2.0,4,22,1,10.4,3,8,7,Unfurnished,8879,10646000
HP101997,West End,Apartment,1432,3,2.0,1,16,1,2.9,3,8,7,Unfurnished,7707,11036000
HP101998,South Suburbs,Independent House,1256,2,1.0,1,17,1,3.3,7,9,5,Furnished,7813,9813000
HP101999,East Beach,Townhouse,1541,3,2.0,2,11,2,7.7,3,8,8,Furnished,8263,12734000
HP102000,East Beach,Villa,2528,5,4.0,3,9,2,10.5,5,7,9,Furnished,8484,21447000
HP102001,South Suburbs,Townhouse,2236,5,4.0,2,19,3,5.4,8,6,5,Unfurnished,5890,13169000
HP102002,Downtown,Villa,1463,2,1.0,2,7,2,12.9,1,7,7,Semi-Furnished,9010,13182000
HP102003,East Beach,Apartment,885,2,1.5,2,20,0,1.9,6,5,8,Furnished,9220,8160000
HP102004,West End,Villa,2286,4,3.0,4,23,3,1.2,8,7,7,Furnished,7722,17653000
HP102005,Northside,Apartment,1523,3,2.5,2,4,2,0.8,5,7,7,Unfurnished,6515,9922000
HP102006,Downtown,Independent House,600,2,2.5,4,6,1,0.5,3,6,8,Semi-Furnished,15420,9252000
HP102007,West End,Apartment,1942,4,3.0,2,7,2,8.3,4,4,6,Unfurnished,6407,12442000
HP102008,Downtown,Apartment,2114,5,3.5,1,0,3,3.1,3,5,7,Semi-Furnished,8524,18020000
HP102009,Northside,Villa,550,1,1.0,1,8,1,1.4,5,3,5,Unfurnished,11969,6583000
HP102010,Northside,Apartment,1096,2,2.0,1,24,1,8.5,4,7,6,Unfurnished,6003,6579000
HP102011,West End,Apartment,1489,3,2.0,4,3,2,10.3,4,8,7,Unfurnished,7220,10751000
HP102012,East Beach,Independent House,1954,3,3.0,2,24,2,11.2,6,3,9,Furnished,7453,14564000
HP102013,Downtown,Apartment,1266,3,3.0,3,8,0,10.5,8,7,7,Semi-Furnished,8940,11318000
HP102014,South Suburbs,Villa,1092,2,1.0,4,31,1,3.3,6,7,6,Furnished,6748,7369000
HP102015,Northside,Apartment,1950,4,3.5,1,6,3,8.1,8,5,5,Semi-Furnished,6713,13090000
HP102016,East Beach,Apartment,1292,3,3.0,1,11,2,9.0,8,6,8,Semi-Furnished,9033,11671000
HP102017,West End,Apartment,1848,3,3.0,4,4,1,5.1,4,9,6,Semi-Furnished,7490,13842000
HP102018,Northside,Independent House,939,1,1.0,3,6,1,7.7,6,6,7,Semi-Furnished,8079,7586000
HP102019,Northside,Townhouse,806,3,2.0,3,24,1,2.0,4,7,7,Semi-Furnished,8675,6992000
HP102020,West End,Apartment,1965,4,2.5,2,16,1,4.5,2,8,7,Semi-Furnished,6896,13551000
HP102021,East Beach,Townhouse,1689,3,2.5,4,21,2,8.5,6,6,9,Furnished,8125,13723000
HP102022,Northside,Villa,2057,4,3.5,3,0,2,13.0,3,9,7,Furnished,7499,15425000
HP102023,Northside,Independent House,1257,3,1.0,2,18,2,11.6,6,8,7,Unfurnished,7216,9071000
HP102024,West End,Independent House,1113,3,2.5,3,3,2,9.6,2,7,7,Semi-Furnished,9605,10690000
HP102025,Downtown,Independent House,2298,3,3.0,1,0,2,7.3,5,10,9,Unfurnished,8346,19178000
HP102026,West End,Independent House,712,2,2.0,1,14,1,6.7,2,9,6,Unfurnished,10316,7345000
HP102027,Northside,Villa,2238,5,4.0,1,14,3,1.2,6,4,5,Semi-Furnished,6828,15282000
HP102028,South Suburbs,Villa,2276,4,3.0,4,12,3,3.7,4,6,7,Semi-Furnished,6399,14565000
HP102029,West End,Apartment,2023,3,2.0,3,18,2,3.8,4,10,6,Semi-Furnished,7202,14570000
HP102030,East Beach,Apartment,1172,3,2.5,1,20,3,9.3,7,6,7,Unfurnished,7736,9067000
HP102031,West End,Independent House,1101,2,1.5,4,25,1,10.8,4,7,5,Furnished,6143,6763000
HP102032,Downtown,Apartment,1434,2,2.0,4,1,2,9.9,5,9,8,Furnished,9119,13076000
HP102033,Downtown,Apartment,838,1,1.5,2,26,0,11.7,5,8,7,Semi-Furnished,7506,6290000
HP102034,Northside,Apartment,1021,4,3.0,1,29,0,7.3,6,8,6,Furnished,6118,6246000
HP102035,South Suburbs,Apartment,1905,4,3.5,2,9,2,3.1,7,8,5,Unfurnished,6933,13207000
HP102036,South Suburbs,Independent House,1907,3,2.0,3,0,2,6.8,7,7,6,Semi-Furnished,6859,13080000
HP102037,West End,Villa,973,1,1.0,3,0,1,4.1,4,6,6,Furnished,10202,9927000
HP102038,Downtown,Apartment,1922,5,4.0,2,8,1,9.6,8,8,8,Furnished,8860,17028000
HP102039,South Suburbs,Apartment,1800,4,3.0,1,30,2,5.6,3,6,6,Furnished,5937,10687000
HP102040,West End,Apartment,2380,5,4.0,3,12,2,6.6,3,6,8,Semi-Furnished,6799,16182000
HP102041,East Beach,Apartment,1863,4,2.5,3,6,2,9.8,5,9,8,Furnished,8688,16186000
HP102042,South Suburbs,Independent House,2132,5,4.5,2,6,3,4.0,7,6,4,Semi-Furnished,6700,14285000
HP102043,Northside,Villa,1812,3,2.5,3,0,2,10.9,2,10,7,Unfurnished,7528,13641000
HP102044,Northside,Villa,2089,4,3.0,3,20,2,1.6,7,7,7,Unfurnished,7003,14630000
HP102045,East Beach,Villa,842,2,1.5,3,11,2,8.2,5,7,6,Furnished,12343,10393000
HP102046,South Suburbs,Townhouse,1483,4,3.5,1,31,2,6.6,4,4,6,Semi-Furnished,6206,9203000
HP102047,West End,Independent House,1529,3,2.0,2,18,2,10.3,7,10,7,Semi-Furnished,7610,11635000
HP102048,West End,Villa,1416,2,2.5,2,19,2,1.5,3,7,6,Furnished,8376,11860000
HP102049,Northside,Villa,1794,3,2.0,4,10,2,0.9,10,4,6,Semi-Furnished,7455,13374000
HP102050,Northside,Apartment,1899,3,3.0,4,2,2,10.0,5,8,6,Semi-Furnished,6712,12747000
HP102051,Downtown,Townhouse,1766,2,1.5,4,4,1,5.4,5,7,9,Semi-Furnished,8599,15186000
HP102052,East Beach,Apartment,1453,3,3.0,2,0,1,6.6,8,6,8,Semi-Furnished,8466,12301000
HP102053,East Beach,Apartment,1145,2,1.5,2,20,2,4.4,5,8,6,Furnished,8669,9926000
HP102054,South Suburbs,Townhouse,2153,4,3.0,2,9,3,10.7,8,3,5,Semi-Furnished,5408,11643000
HP102055,Northside,Independent House,1742,4,3.5,4,21,2,8.2,1,6,6,Semi-Furnished,6695,11663000
HP102056,East Beach,Apartment,990,3,2.5,3,13,2,8.0,4,7,9,Semi-Furnished,9636,9540000
HP102057,Northside,Apartment,1443,3,3.0,3,9,1,2.3,6,8,4,Semi-Furnished,7672,11070000
HP102058,Northside,Apartment,591,2,1.5,2,1,0,9.0,7,10,6,Furnished,13920,8227000
HP102059,East Beach,Villa,1569,3,2.5,3,15,1,3.0,7,7,6,Unfurnished,8041,12616000
HP102060,West End,Apartment,1441,3,3.0,4,10,1,4.4,6,8,6,Furnished,8073,11633000
HP102061,South Suburbs,Townhouse,1234,3,2.0,3,20,1,1.5,7,10,6,Semi-Furnished,7562,9332000
HP102062,West End,Townhouse,2422,4,3.5,2,6,3,6.4,6,7,6,Unfurnished,7062,17103000
HP102063,Downtown,Villa,914,2,1.5,4,18,1,11.3,1,8,6,Semi-Furnished,9954,9098000
HP102064,Northside,Villa,1939,2,2.0,4,27,2,7.9,8,5,6,Semi-Furnished,6041,11714000
HP102065,West End,Apartment,2753,5,4.0,4,14,3,5.2,3,10,8,Semi-Furnished,6946,19122000
HP102066,West End,Apartment,2142,4,2.5,4,19,1,7.4,6,6,5,Furnished,6383,13673000
HP102067,Northside,Independent House,1533,2,1.5,2,17,1,7.4,5,7,6,Semi-Furnished,7425,11383000
HP102068,South Suburbs,Apartment,926,1,1.0,2,29,2,7.3,5,7,6,Unfurnished,5272,4882000
HP102069,East Beach,Apartment,801,3,2.5,1,15,1,7.7,3,7,7,Semi-Furnished,10375,8310000
HP102070,West End,Apartment,1324,3,3.0,2,18,3,2.8,1,6,8,Semi-Furnished,8264,10941000
HP102071,Downtown,Apartment,1172,2,2.0,3,12,2,7.4,3,7,8,Semi-Furnished,9402,11019000
HP102072,Northside,Apartment,1154,2,2.0,3,5,2,0.5,7,10,7,Furnished,9052,10446000
HP102073,West End,Independent House,1371,2,1.5,1,1,2,9.3,2,10,7,Semi-Furnished,9228,12651000
HP102074,East Beach,Independent House,1494,3,2.0,4,23,1,2.6,3,7,7,Unfurnished,7163,10702000
HP102075,Northside,Villa,1817,3,3.5,1,3,2,11.7,6,6,5,Semi-Furnished,6765,12292000
HP102076,West End,Independent House,869,1,1.0,1,19,1,0.5,3,6,6,Unfurnished,8819,7664000
HP102077,West End,Apartment,1175,2,2.0,3,16,1,13.7,4,10,5,Semi-Furnished,6805,7996000
HP102078,West End,Independent House,1462,3,2.5,1,20,1,0.5,5,7,7,Unfurnished,7465,10914000
HP102079,East Beach,Villa,1442,3,2.5,4,7,1,2.2,6,9,8,Semi-Furnished,9654,13921000
HP102080,Downtown,Apartment,2560,5,3.5,1,5,3,8.2,3,8,8,Furnished,7998,20474000
HP102081,South Suburbs,Townhouse,1678,3,2.0,1,15,2,9.5,5,10,5,Semi-Furnished,6635,11133000
HP102082,Downtown,Apartment,663,3,2.0,4,9,2,5.9,6,7,9,Unfurnished,13965,9259000
HP102083,East Beach,Apartment,1780,3,2.0,2,1,1,10.6,2,5,8,Semi-Furnished,7656,13628000
HP102084,Northside,Apartment,1850,4,3.5,3,29,1,3.8,5,10,6,Semi-Furnished,6963,12881000
HP102085,Downtown,Apartment,1481,2,1.5,3,5,1,5.4,3,8,8,Semi-Furnished,8095,11988000
HP102086,Northside,Apartment,883,2,1.5,1,3,2,5.8,5,8,7,Unfurnished,9233,8153000
HP102087,Northside,Villa,2517,4,3.0,3,10,2,4.8,7,9,6,Furnished,7263,18281000
HP102088,Northside,Townhouse,962,2,2.0,3,23,0,0.5,5,8,6,Semi-Furnished,8854,8518000
HP102089,East Beach,Apartment,1913,3,2.0,1,0,2,6.9,7,9,7,Semi-Furnished,8624,16498000
HP102090,Downtown,Villa,1660,3,3.0,4,23,1,6.5,7,7,8,Unfurnished,8492,14096000
HP102091,South Suburbs,Apartment,1880,4,2.5,4,4,1,11.3,7,8,5,Semi-Furnished,6470,12163000
HP102092,East Beach,Independent House,2489,4,3.5,4,14,3,1.9,6,8,7,Semi-Furnished,7728,19234000
HP102093,South Suburbs,Apartment,1859,4,3.0,1,6,2,4.4,7,7,5,Unfurnished,6497,12077000
HP102094,Downtown,Apartment,1243,3,2.5,1,30,1,11.8,6,7,9,Semi-Furnished,9216,11455000
HP102095,Downtown,Villa,2158,4,3.0,4,13,2,8.2,1,6,9,Semi-Furnished,8182,17657000
HP102096,Northside,Independent House,1203,3,2.0,2,6,1,9.2,3,7,6,Furnished,7372,8868000
HP102097,South Suburbs,Independent House,1640,3,1.5,3,9,1,8.8,5,6,6,Furnished,7313,11993000
HP102098,South Suburbs,Villa,839,2,1.5,2,13,1,8.8,5,8,5,Unfurnished,8926,7489000
HP102099,Northside,Independent House,982,2,2.0,1,14,1,14.3,6,8,6,Unfurnished,7938,7795000
HP102100,East Beach,Apartment,1578,4,2.5,3,16,2,7.4,3,7,8,Furnished,8340,13161000
HP102101,South Suburbs,Apartment,1752,3,1.5,1,12,2,3.0,9,7,4,Furnished,5391,9445000
HP102102,Northside,Apartment,614,1,1.0,1,0,0,9.6,5,6,4,Furnished,9194,5645000
HP102103,Downtown,Apartment,1824,3,2.0,3,9,2,4.7,5,7,8,Unfurnished,8041,14667000
HP102104,Downtown,Apartment,1099,3,2.0,1,17,1,6.6,4,4,8,Unfurnished,8718,9581000
HP102105,South Suburbs,Villa,2254,5,3.5,1,6,2,8.5,3,7,4,Unfurnished,6182,13935000
HP102106,East Beach,Apartment,1356,2,2.0,4,18,1,3.7,5,6,7,Furnished,6455,8753000
HP102107,Northside,Villa,932,1,1.5,3,12,1,5.0,5,7,7,Semi-Furnished,9469,8825000
HP102108,Downtown,Villa,1592,3,3.5,3,10,2,8.9,5,6,8,Semi-Furnished,9421,14998000
HP102109,East Beach,Independent House,1046,2,1.0,1,23,1,4.8,9,4,8,Semi-Furnished,9159,9580000
HP102110,East Beach,Independent House,2248,4,2.5,1,0,2,10.9,5,10,8,Unfurnished,8095,18197000
HP102111,East Beach,Apartment,1550,3,2.5,2,6,3,3.1,5,7,7,Semi-Furnished,8645,13400000
HP102112,Northside,Apartment,1467,2,1.5,2,23,1,3.0,7,9,7,Unfurnished,6742,9891000
HP102113,South Suburbs,Villa,1875,4,3.5,2,28,2,14.6,5,6,6,Semi-Furnished,6105,11447000
HP102114,South Suburbs,Villa,997,2,2.0,1,33,1,0.9,6,10,5,Semi-Furnished,8296,8271000
HP102115,Northside,Apartment,841,2,2.5,4,12,1,6.9,2,5,6,Semi-Furnished,8133,6840000
HP102116,East Beach,Apartment,1775,4,3.5,2,16,1,14.4,2,7,8,Semi-Furnished,8295,14723000
HP102117,South Suburbs,Independent House,945,2,2.0,4,19,2,6.9,5,5,5,Furnished,7235,6837000
HP102118,West End,Independent House,945,2,1.5,2,23,1,12.4,4,10,7,Semi-Furnished,8570,8099000
HP102119,West End,Apartment,2010,3,2.5,2,15,1,9.6,3,7,7,Unfurnished,6940,13950000
HP102120,Northside,Apartment,1839,4,3.0,1,20,1,7.0,5,8,6,Unfurnished,6315,11613000
HP102121,Northside,Townhouse,860,2,1.0,3,16,1,6.5,5,8,7,Semi-Furnished,9605,8260000
HP102122,South Suburbs,Apartment,1209,3,3.0,1,17,0,0.5,3,7,4,Unfurnished,6438,7784000
HP102123,West End,Townhouse,1053,2,2.0,3,4,2,5.7,4,8,6,Unfurnished,8838,9306000
HP102124,Northside,Apartment,2527,4,3.0,4,9,3,7.9,5,9,6,Unfurnished,6463,16331000
HP102125,Northside,Villa,2048,3,3.0,2,7,3,7.9,3,8,6,Unfurnished,7107,14555000
HP102126,East Beach,Apartment,1319,2,1.5,4,1,2,16.9,4,7,8,Semi-Furnished,7553,9962000
HP102127,East Beach,Apartment,1867,4,2.5,3,0,2,8.1,6,8,7,Semi-Furnished,8340,15571000
HP102128,Northside,Townhouse,804,1,1.5,1,8,0,9.5,5,10,8,Unfurnished,8657,6960000
HP102129,Downtown,Villa,1180,2,1.0,1,10,0,11.7,4,6,8,Semi-Furnished,10035,11841000
HP102130,East Beach,Townhouse,1608,2,1.5,3,13,1,9.2,3,4,8,Unfurnished,8001,12866000
HP102131,Northside,Apartment,1799,2,2.0,3,17,3,6.7,3,5,6,Semi-Furnished,6644,11953000
HP102132,South Suburbs,Townhouse,1496,1,1.0,1,14,1,6.7,5,5,5,Unfurnished,5522,8261000
HP102133,West End,Townhouse,1686,3,3.0,3,10,2,5.6,9,6,6,Furnished,7633,12870000
HP102134,East Beach,Villa,1593,5,4.0,4,4,1,8.8,6,6,8,Furnished,9893,15760000
HP102135,West End,Apartment,1460,4,3.5,1,20,2,6.3,2,7,6,Semi-Furnished,7070,10322000
HP102136,Northside,Independent House,1387,2,1.5,4,11,2,9.5,7,7,5,Unfurnished,8129,11275000
HP102137,West End,Villa,1316,3,2.5,3,8,1,3.0,3,7,6,Unfurnished,9182,12084000
HP102138,Downtown,Townhouse,1678,2,1.0,3,10,1,7.6,5,6,9,Unfurnished,8285,13903000
HP102139,West End,Apartment,1776,3,3.0,1,5,3,13.2,4,8,7,Furnished,7886,14005000
HP102140,West End,Apartment,1659,2,1.0,3,7,2,6.1,9,8,5,Unfurnished,6732,11168000
HP102141,Northside,Apartment,902,2,1.5,2,7,1,14.4,3,9,7,Furnished,7866,7095000
HP102142,South Suburbs,Independent House,1001,2,1.0,2,9,2,7.7,6,8,4,Semi-Furnished,6405,6411000
HP102143,South Suburbs,Townhouse,1769,4,3.0,4,18,1,6.8,3,6,5,Semi-Furnished,6023,10655000
HP102144,Northside,Apartment,2359,5,4.0,1,16,3,7.5,7,9,5,Furnished,6573,15505000
HP102145,East Beach,Independent House,1634,3,2.0,1,26,2,5.8,6,7,8,Unfurnished,8200,13399000
HP102146,West End,Townhouse,1324,3,3.0,2,23,2,0.5,8,8,7,Furnished,8809,11663000
HP102147,Downtown,Apartment,1673,3,2.5,3,30,0,10.5,7,8,9,Unfurnished,7922,13254000
HP102148,South Suburbs,Apartment,925,1,1.0,1,17,1,15.8,3,7,5,Furnished,6496,6009000
HP102149,South Suburbs,Independent House,2270,3,2.5,4,17,3,8.9,10,7,5,Semi-Furnished,5414,12290000
HP102150,South Suburbs,Independent House,1653,4,3.5,3,8,2,9.2,6,7,4,Unfurnished,7026,11614000
HP102151,East Beach,Apartment,1182,2,2.0,4,19,2,6.3,4,6,7,Furnished,8170,9657000
HP102152,East Beach,Independent House,1458,2,1.0,2,6,2,11.6,5,4,8,Unfurnished,8239,12012000
HP102153,South Suburbs,Villa,1260,2,1.5,1,0,1,6.8,6,6,6,Unfurnished,8093,10197000
HP102154,West End,Townhouse,2271,4,3.5,1,26,3,8.1,6,7,7,Furnished,7205,16362000
HP102155,Northside,Townhouse,1439,4,3.5,3,1,1,0.7,6,9,7,Semi-Furnished,8954,12885000
HP102156,West End,Independent House,1635,3,2.0,3,16,2,4.9,7,8,6,Furnished,7988,13061000
HP102157,West End,Villa,1866,4,3.5,3,4,2,8.5,7,7,7,Semi-Furnished,8481,15826000
HP102158,Northside,Apartment,1143,3,2.0,4,22,1,10.6,3,6,5,Semi-Furnished,5596,6396000
HP102159,South Suburbs,Villa,1657,3,3.0,4,23,2,10.7,10,7,6,Unfurnished,6150,10190000
HP102160,East Beach,Apartment,1701,3,2.5,3,17,1,0.7,9,6,8,Unfurnished,7802,13271000
HP102161,South Suburbs,Independent House,695,2,1.0,1,23,0,1.1,7,4,6,Furnished,7627,5301000
HP102162,East Beach,Apartment,1689,3,2.0,3,12,2,9.3,5,5,7,Unfurnished,7274,12286000
HP102163,West End,Villa,1525,3,2.0,4,32,1,4.0,5,9,8,Semi-Furnished,7746,11813000
HP102164,South Suburbs,Apartment,1621,2,2.0,4,19,1,10.6,4,10,7,Unfurnished,5845,9474000
HP102165,South Suburbs,Apartment,1570,3,2.5,4,4,2,0.5,5,8,6,Unfurnished,6864,10776000
HP102166,South Suburbs,Apartment,1693,3,2.0,1,13,2,6.6,1,7,6,Semi-Furnished,6348,10748000
HP102167,East Beach,Villa,2286,5,3.0,2,11,2,6.9,8,5,7,Furnished,8296,18965000
HP102168,South Suburbs,Independent House,901,2,2.0,3,10,1,8.9,8,7,4,Furnished,8441,7605000
HP102169,South Suburbs,Apartment,1362,3,2.5,1,0,1,2.9,1,8,6,Furnished,7328,9981000
HP102170,South Suburbs,Townhouse,1917,4,3.0,2,15,1,0.5,7,8,5,Unfurnished,6303,12082000
HP102171,Downtown,Townhouse,1815,4,3.0,1,0,1,7.7,5,8,9,Semi-Furnished,9237,16766000
HP102172,Northside,Apartment,1803,4,3.0,1,0,2,9.1,5,9,7,Unfurnished,8194,14773000
HP102173,South Suburbs,Independent House,3064,6,4.5,1,9,3,11.0,6,10,5,Semi-Furnished,5643,17290000
HP102174,Northside,Apartment,1888,4,4.0,4,5,1,5.6,1,6,6,Semi-Furnished,6392,12069000
HP102175,East Beach,Apartment,2172,4,3.5,4,4,2,10.1,5,10,8,Semi-Furnished,7724,16777000
HP102176,Northside,Villa,1381,3,2.5,2,0,2,8.9,5,4,6,Unfurnished,7993,11039000
HP102177,Downtown,Apartment,1004,2,1.5,1,4,1,12.3,5,6,8,Furnished,9980,10020000
HP102178,West End,Townhouse,1377,2,1.0,2,10,2,6.8,2,7,6,Furnished,7394,10182000
HP102179,Northside,Townhouse,1942,4,3.5,2,6,3,0.5,6,8,7,Furnished,8092,15714000
HP102180,West End,Independent House,1774,3,3.0,1,15,2,6.7,7,7,7,Unfurnished,7616,13511000
HP102181,Northside,Villa,1772,3,2.0,3,25,2,7.4,6,6,8,Furnished,7453,13206000
HP102182,East Beach,Villa,1432,3,2.0,4,17,2,9.1,4,10,7,Unfurnished,9472,13564000
HP102183,Northside,Townhouse,1344,4,2.5,4,21,1,0.9,10,6,6,Semi-Furnished,6822,9169000
HP102184,Northside,Apartment,1451,2,2.0,4,22,1,5.8,3,5,6,Unfurnished,6129,8893000
HP102185,Northside,Apartment,1948,4,3.0,4,3,2,10.5,7,10,6,Unfurnished,6530,12721000
HP102186,East Beach,Villa,2012,2,2.0,1,16,1,6.6,6,8,7,Semi-Furnished,7806,15706000
HP102187,East Beach,Apartment,997,2,1.5,3,21,1,5.8,9,9,7,Unfurnished,8899,8872000
HP102188,East Beach,Apartment,1969,5,4.0,3,8,1,14.6,6,7,8,Semi-Furnished,7968,15689000
HP102189,West End,Apartment,1192,2,2.0,1,5,1,2.7,6,5,6,Semi-Furnished,7277,8674000
HP102190,West End,Villa,1808,4,3.5,1,17,2,11.9,6,7,7,Furnished,8264,14942000
HP102191,East Beach,Apartment,1444,3,1.5,3,0,1,11.1,3,5,8,Semi-Furnished,7582,10948000
HP102192,West End,Apartment,2411,4,2.5,3,2,3,6.1,3,7,7,Semi-Furnished,7090,17093000
HP102193,East Beach,Apartment,1320,3,2.0,1,6,1,6.9,4,8,8,Unfurnished,8046,10621000
HP102194,East Beach,Apartment,1648,3,3.0,2,16,1,6.9,7,9,7,Furnished,8269,13627000
HP102195,Northside,Townhouse,1884,5,4.5,1,14,2,7.7,6,7,5,Unfurnished,7600,14318000
HP102196,South Suburbs,Apartment,1069,1,1.0,1,21,2,4.6,5,8,5,Unfurnished,7490,8007000
HP102197,East Beach,Independent House,1510,3,2.0,3,4,1,5.3,8,6,7,Unfurnished,8034,12131000
HP102198,South Suburbs,Independent House,1403,2,1.0,3,3,2,5.6,1,8,4,Semi-Furnished,6411,8994000
HP102199,West End,Apartment,1267,2,2.0,4,17,1,5.7,2,8,7,Semi-Furnished,7197,9118000
HP102200,Downtown,Independent House,1308,3,2.0,4,5,1,5.8,1,6,8,Semi-Furnished,10749,14060000
HP102201,East Beach,Independent House,2162,4,4.5,1,7,2,0.5,8,8,8,Semi-Furnished,8631,18661000
HP102202,Downtown,Villa,1221,2,1.5,2,0,2,7.4,5,9,7,Semi-Furnished,11145,13608000
HP102203,Downtown,Apartment,1862,3,3.5,4,15,2,4.9,7,7,8,Semi-Furnished,8489,15806000
HP102204,East Beach,Apartment,1723,3,2.5,1,26,2,0.5,5,6,8,Unfurnished,7084,12206000
HP102205,West End,Townhouse,782,1,1.0,4,3,0,5.6,7,7,6,Semi-Furnished,8184,6400000
HP102206,Northside,Independent House,1836,3,2.5,4,21,2,5.5,5,8,6,Semi-Furnished,6570,12063000
HP102207,Downtown,Townhouse,773,1,1.5,1,11,1,12.1,6,6,9,Semi-Furnished,12697,9815000
HP102208,South Suburbs,Townhouse,1895,3,2.5,1,0,2,4.8,6,5,4,Unfurnished,6122,11602000
HP102209,East Beach,Apartment,1271,2,2.0,3,4,1,9.7,6,8,8,Semi-Furnished,9400,11948000
HP102210,Downtown,Independent House,1555,3,3.0,2,3,2,12.5,9,8,9,Semi-Furnished,9210,14322000
HP102211,Northside,Villa,838,2,2.0,4,9,0,4.5,1,10,6,Unfurnished,9715,8141000
HP102212,Northside,Independent House,1617,3,2.5,3,16,1,6.8,5,8,7,Unfurnished,7457,12058000
HP102213,Northside,Apartment,2060,4,2.5,3,29,2,13.9,5,5,6,Semi-Furnished,5227,10767000
HP102214,Downtown,Apartment,1106,4,3.0,1,0,0,7.9,5,10,9,Semi-Furnished,11249,12441000
HP102215,Downtown,Independent House,1216,4,3.0,2,8,1,8.5,4,9,9,Semi-Furnished,10473,12735000
HP102216,East Beach,Independent House,1800,3,1.5,1,4,2,5.4,4,4,9,Unfurnished,8424,15164000
HP102217,West End,Villa,1814,3,2.5,1,1,1,9.7,8,5,7,Furnished,8052,14607000
HP102218,South Suburbs,Apartment,550,1,1.0,1,13,0,6.8,5,6,4,Unfurnished,7864,4325000
HP102219,East Beach,Apartment,2658,6,4.0,4,12,2,0.5,10,8,7,Semi-Furnished,8024,21328000
HP102220,Downtown,Townhouse,1841,3,2.5,1,0,3,5.6,6,3,9,Furnished,8848,16289000
HP102221,South Suburbs,Apartment,1933,4,3.0,3,12,2,2.3,4,7,6,Semi-Furnished,6576,12712000
HP102222,Downtown,Apartment,1471,4,4.0,3,1,2,7.4,6,8,8,Unfurnished,9477,13941000
HP102223,Downtown,Villa,550,1,1.0,1,12,1,3.3,5,3,9,Semi-Furnished,14356,7896000
HP102224,West End,Apartment,1921,4,3.5,4,23,2,8.9,8,8,6,Furnished,6428,12348000
HP102225,West End,Villa,1239,3,2.5,3,16,2,7.2,2,8,7,Furnished,8752,10844000
HP102226,Northside,Apartment,1849,3,1.5,1,14,1,2.0,1,6,6,Unfurnished,6809,12589000
HP102227,South Suburbs,Independent House,1430,3,2.5,1,7,2,5.0,6,5,4,Furnished,7388,10565000
HP102228,South Suburbs,Townhouse,1681,3,2.0,3,13,2,9.5,7,6,5,Semi-Furnished,6340,10658000
HP102229,East Beach,Townhouse,1124,3,2.0,3,17,1,11.6,6,3,9,Unfurnished,8021,9016000
HP102230,South Suburbs,Villa,2025,4,2.5,2,16,2,3.4,6,7,5,Semi-Furnished,6062,12275000
HP102231,Northside,Apartment,896,1,1.0,2,11,0,2.6,6,7,6,Semi-Furnished,7614,6822000
HP102232,Downtown,Independent House,2785,5,4.5,1,14,2,14.8,2,5,7,Semi-Furnished,7515,20928000
HP102233,South Suburbs,Independent House,2781,5,4.0,1,0,3,7.0,6,8,5,Furnished,6713,18668000
HP102234,Downtown,Villa,2448,4,4.0,3,5,3,7.4,8,7,7,Semi-Furnished,8801,21546000
HP102235,West End,Independent House,2252,3,3.0,2,18,3,4.0,5,7,7,Semi-Furnished,7038,15850000
HP102236,Northside,Independent House,1503,3,1.5,2,20,1,7.9,2,6,5,Semi-Furnished,6506,9779000
HP102237,East Beach,Independent House,2192,4,2.5,2,13,3,13.9,4,8,8,Unfurnished,7917,17355000
HP102238,East Beach,Independent House,1497,3,1.5,3,25,2,8.0,6,9,7,Semi-Furnished,7779,11645000
HP102239,West End,Apartment,696,2,2.0,2,17,0,11.3,9,6,7,Furnished,7841,5457000
HP102240,South Suburbs,Villa,2377,4,3.0,2,10,3,7.1,1,8,6,Semi-Furnished,6408,15232000
HP102241,East Beach,Villa,2171,4,3.0,2,1,2,2.9,6,8,6,Unfurnished,8335,18096000
HP102242,Northside,Apartment,1533,3,2.5,3,25,1,4.3,3,8,6,Semi-Furnished,5952,9124000
HP102243,West End,Townhouse,876,3,2.5,1,19,1,2.5,6,10,7,Furnished,9406,8240000
HP102244,Downtown,Villa,1228,2,1.0,4,28,1,7.9,6,6,9,Furnished,9768,11995000
HP102245,Northside,Apartment,550,1,1.0,3,32,0,11.9,4,6,5,Semi-Furnished,5222,2872000
HP102246,South Suburbs,Independent House,2070,3,2.5,1,0,2,7.6,6,6,5,Semi-Furnished,6347,13139000
HP102247,West End,Independent House,668,1,1.5,4,0,1,5.8,8,8,7,Semi-Furnished,12208,8155000
HP102248,Downtown,Independent House,1708,3,2.5,4,0,2,3.8,5,7,9,Furnished,9689,16548000
HP102249,Downtown,Apartment,1086,2,1.5,1,20,1,8.4,2,6,8,Furnished,8392,9114000
HP102250,West End,Townhouse,765,2,1.0,1,18,0,2.0,8,9,6,Furnished,10418,7970000
HP102251,West End,Apartment,1681,4,3.5,1,13,1,2.5,7,10,6,Semi-Furnished,8133,13671000
HP102252,West End,Villa,1366,4,3.0,1,1,1,10.6,6,7,6,Unfurnished,8728,11923000
HP102253,East Beach,Apartment,2011,4,2.5,3,11,2,5.9,3,5,8,Semi-Furnished,7476,15035000
HP102254,West End,Independent House,853,1,1.0,1,14,1,5.8,7,10,6,Unfurnished,9946,8484000
HP102255,East Beach,Independent House,1133,1,1.0,2,19,2,6.3,9,8,8,Unfurnished,9432,10687000
HP102256,Northside,Villa,550,2,1.5,4,14,1,9.9,5,8,6,Semi-Furnished,10936,6015000
HP102257,Northside,Villa,550,1,1.0,3,18,0,7.7,5,7,7,Semi-Furnished,11065,6086000
HP102258,Northside,Independent House,2539,5,3.5,3,11,2,4.0,3,6,4,Furnished,6280,15946000
HP102259,Downtown,Independent House,2696,4,3.0,1,23,3,4.2,3,6,7,Furnished,7682,20712000
HP102260,South Suburbs,Apartment,1601,3,2.5,4,18,2,6.2,3,8,6,Furnished,6951,11129000
HP102261,Downtown,Townhouse,1097,2,2.5,1,1,1,8.2,5,6,8,Furnished,10700,11738000
HP102262,South Suburbs,Independent House,1386,3,1.5,3,25,1,6.9,4,8,4,Semi-Furnished,7210,9993000
HP102263,Downtown,Townhouse,2030,3,2.5,3,23,2,6.5,6,7,8,Unfurnished,7915,16068000
HP102264,West End,Townhouse,1267,3,2.5,2,16,1,7.2,3,5,7,Semi-Furnished,7695,9750000
HP102265,Downtown,Townhouse,1681,5,3.5,4,15,2,6.9,5,9,8,Unfurnished,9258,15562000
HP102266,Downtown,Independent House,1543,2,1.5,4,27,1,3.9,3,8,8,Unfurnished,8244,12721000
HP102267,Northside,Villa,1237,3,2.5,1,0,1,11.4,5,7,6,Unfurnished,8623,10667000
HP102268,Northside,Apartment,1261,1,1.0,4,23,1,5.1,1,8,6,Furnished,5845,7370000
HP102269,Downtown,Villa,1711,4,3.5,1,8,1,7.5,5,4,9,Semi-Furnished,9153,15660000
HP102270,South Suburbs,Independent House,1013,1,1.0,4,22,2,0.5,4,6,5,Furnished,6788,6876000
HP102271,East Beach,Villa,1798,3,2.0,4,13,2,6.1,5,5,7,Furnished,8625,15507000
HP102272,East Beach,Townhouse,1291,2,2.5,3,1,1,2.6,1,7,8,Furnished,8579,11075000
HP102273,East Beach,Apartment,1620,3,3.0,4,8,2,3.1,6,7,8,Unfurnished,8475,13730000
HP102274,West End,Apartment,2311,5,4.0,4,21,3,16.7,4,7,6,Furnished,6158,14230000
HP102275,Downtown,Villa,1457,2,2.5,3,10,3,8.0,5,9,8,Furnished,10223,14895000
HP102276,West End,Apartment,2056,4,2.0,1,6,2,11.9,1,5,7,Furnished,6623,13616000
HP102277,East Beach,Apartment,564,1,1.5,2,6,1,10.4,2,6,7,Unfurnished,8177,4612000
HP102278,Downtown,Apartment,1291,4,3.5,4,18,1,10.9,4,8,8,Unfurnished,9544,12321000
HP102279,East Beach,Independent House,1565,3,2.0,1,28,1,6.2,8,7,7,Furnished,7149,11188000
HP102280,Northside,Villa,2608,4,4.5,4,0,3,13.4,6,5,4,Unfurnished,6302,16435000
HP102281,Northside,Apartment,550,1,1.0,1,37,1,10.4,5,9,6,Semi-Furnished,8224,4523000
HP102282,East Beach,Apartment,1497,4,2.0,3,14,1,7.2,3,9,8,Semi-Furnished,9102,13626000
HP102283,East Beach,Villa,2351,5,4.0,3,17,3,8.1,3,8,7,Unfurnished,7454,17525000
HP102284,Northside,Apartment,1118,2,1.5,1,8,2,6.5,6,5,7,Unfurnished,7124,7965000
HP102285,Northside,Independent House,1433,3,3.0,2,12,0,7.2,7,7,5,Furnished,8109,11620000
HP102286,South Suburbs,Independent House,1732,3,2.5,1,14,1,6.8,5,8,6,Furnished,7113,12320000
HP102287,South Suburbs,Apartment,1651,3,2.0,2,3,2,8.5,9,7,6,Furnished,7279,12017000
HP102288,South Suburbs,Villa,2411,4,4.0,4,5,1,14.0,3,9,7,Unfurnished,6865,16551000
HP102289,South Suburbs,Apartment,1797,3,3.0,1,23,1,2.2,5,7,6,Unfurnished,5519,9918000
HP102290,West End,Apartment,2280,5,3.5,4,0,2,11.6,1,10,6,Semi-Furnished,7254,16539000
HP102291,East Beach,Townhouse,1352,2,1.5,3,16,2,5.5,5,8,8,Semi-Furnished,8523,11523000
HP102292,East Beach,Villa,1143,2,2.0,3,9,1,12.1,8,7,9,Unfurnished,8692,9935000
HP102293,East Beach,Townhouse,1426,3,2.0,2,3,2,5.7,3,8,6,Furnished,9048,12902000
HP102294,Northside,Apartment,912,3,2.0,4,30,1,8.7,7,9,6,Furnished,6753,6159000
HP102295,Northside,Apartment,1816,3,2.5,2,3,2,6.4,8,8,7,Semi-Furnished,6982,12680000
HP102296,South Suburbs,Villa,1338,3,2.0,3,2,1,0.5,3,7,5,Semi-Furnished,7173,9598000
HP102297,Downtown,Villa,1181,2,1.0,1,10,1,14.0,6,6,6,Semi-Furnished,9295,10977000
HP102298,West End,Townhouse,1824,3,2.5,4,5,2,3.2,8,5,6,Unfurnished,7029,12820000
HP102299,East Beach,Apartment,921,2,1.0,3,12,1,7.3,6,3,7,Unfurnished,6900,6355000
HP102300,South Suburbs,Townhouse,1974,3,2.0,1,13,2,2.8,7,7,6,Semi-Furnished,6470,12772000
HP102301,East Beach,Townhouse,1287,2,1.0,3,14,2,1.7,1,6,7,Semi-Furnished,8057,10369000
HP102302,Downtown,Villa,2188,5,3.0,1,11,3,6.2,6,6,8,Semi-Furnished,8653,18932000
HP102303,West End,Apartment,1334,2,2.0,2,6,1,4.6,6,9,6,Furnished,7735,10319000
HP102304,South Suburbs,Villa,1898,4,3.0,3,18,3,2.3,2,7,6,Unfurnished,6974,13237000
HP102305,South Suburbs,Apartment,1649,4,3.0,4,11,1,6.9,3,10,5,Unfurnished,6508,10732000
HP102306,Downtown,Independent House,1959,3,2.0,2,8,2,1.1,6,6,8,Unfurnished,8325,16308000
HP102307,East Beach,Villa,1610,4,3.0,1,25,1,7.5,4,6,8,Unfurnished,7491,12061000
HP102308,Downtown,Townhouse,635,1,1.0,2,11,1,6.5,7,5,8,Semi-Furnished,14252,9050000
HP102309,East Beach,Villa,2105,4,3.0,4,22,2,0.5,6,8,6,Furnished,8808,18540000
HP102310,West End,Villa,1502,2,2.0,4,23,1,4.9,5,9,7,Furnished,8651,12994000
HP102311,East Beach,Independent House,1984,4,3.5,1,24,1,8.9,5,6,8,Semi-Furnished,7489,14858000
HP102312,Downtown,Villa,1930,4,3.0,1,18,2,2.7,6,5,8,Semi-Furnished,8579,16557000
HP102313,West End,Townhouse,1125,3,1.5,4,12,2,9.0,7,9,6,Unfurnished,8907,10020000
HP102314,Downtown,Apartment,1047,2,1.5,3,11,2,8.7,6,5,8,Semi-Furnished,8741,9152000
HP102315,East Beach,Townhouse,1910,4,3.0,3,10,2,2.9,4,9,8,Semi-Furnished,8210,15681000
HP102316,Downtown,Independent House,1383,2,1.5,1,0,2,7.0,8,6,8,Furnished,10609,14672000
HP102317,Downtown,Townhouse,2065,4,2.5,2,18,2,10.3,6,8,9,Semi-Furnished,8303,17146000
HP102318,West End,Villa,1452,4,3.0,4,14,2,3.5,6,9,6,Unfurnished,8304,12058000
HP102319,South Suburbs,Independent House,2113,3,3.5,1,19,2,6.2,5,8,5,Unfurnished,6137,12968000
HP102320,Northside,Apartment,1783,4,3.0,1,11,1,11.6,6,7,6,Unfurnished,6277,11192000
HP102321,Downtown,Independent House,1708,4,3.0,2,18,2,3.6,1,9,9,Furnished,8694,14849000
HP102322,Downtown,Apartment,1344,3,2.0,3,0,1,8.8,6,7,7,Unfurnished,8498,11421000
HP102323,East Beach,Apartment,1678,3,3.0,4,1,2,2.7,9,10,7,Unfurnished,8646,14508000
HP102324,Northside,Apartment,2206,4,3.5,3,0,1,6.4,5,4,5,Unfurnished,6201,13680000
HP102325,Northside,Apartment,1520,4,3.5,2,11,1,8.8,5,4,6,Furnished,7109,10806000
HP102326,South Suburbs,Apartment,1842,4,3.5,2,5,2,0.5,4,8,5,Semi-Furnished,7093,13066000
HP102327,East Beach,Independent House,1575,3,2.0,1,4,2,4.9,6,7,6,Semi-Furnished,8645,13616000
HP102328,Downtown,Apartment,1619,3,2.5,2,15,2,8.7,5,8,8,Semi-Furnished,8338,13499000
HP102329,Downtown,Independent House,2498,5,4.5,1,8,3,7.9,8,5,9,Unfurnished,8720,21782000
HP102330,Downtown,Apartment,2211,4,3.5,1,0,2,4.9,3,7,8,Furnished,8784,19422000
HP102331,Downtown,Independent House,1594,3,1.5,3,35,2,2.6,4,8,8,Unfurnished,8170,13023000
HP102332,South Suburbs,Independent House,1668,4,3.5,2,12,2,9.5,4,6,4,Unfurnished,6436,10735000
HP102333,East Beach,Apartment,1164,2,1.5,3,2,2,5.7,9,7,7,Semi-Furnished,9114,10609000
HP102334,South Suburbs,Independent House,1455,2,2.0,1,6,2,9.2,5,5,5,Unfurnished,5810,8454000
HP102335,West End,Townhouse,1720,3,2.5,3,10,2,8.5,4,8,6,Unfurnished,8090,13915000
HP102336,West End,Independent House,2018,3,1.5,1,10,2,5.2,1,9,7,Furnished,7220,14570000
HP102337,West End,Apartment,1962,4,3.0,3,24,3,11.3,3,5,6,Semi-Furnished,6461,12677000
HP102338,South Suburbs,Villa,940,1,1.0,3,11,2,4.6,6,5,5,Unfurnished,6585,6190000
HP102339,Downtown,Independent House,2087,4,3.5,2,29,2,11.8,6,9,7,Semi-Furnished,8283,17287000
HP102340,Downtown,Apartment,1501,4,3.5,1,8,2,12.3,4,5,9,Semi-Furnished,8471,12715000
HP102341,West End,Independent House,1007,1,1.5,4,16,0,11.2,4,8,6,Unfurnished,8732,8793000
HP102342,East Beach,Apartment,2285,6,4.5,1,21,3,6.3,9,7,8,Unfurnished,8378,19143000
HP102343,West End,Independent House,2355,4,3.0,1,23,2,17.2,10,6,8,Semi-Furnished,6828,16080000
HP102344,Northside,Apartment,1695,3,3.0,2,24,2,7.6,8,9,7,Semi-Furnished,6870,11645000
HP102345,West End,Apartment,1940,3,3.5,4,10,2,8.0,8,8,7,Furnished,7355,14268000
HP102346,East Beach,Townhouse,1972,4,3.5,2,12,1,6.9,9,7,8,Semi-Furnished,8200,16171000
HP102347,East Beach,Townhouse,2318,4,3.0,2,0,3,2.5,10,4,7,Unfurnished,7984,18508000
HP102348,Northside,Townhouse,1950,4,3.5,3,10,2,12.2,4,8,5,Semi-Furnished,6730,13123000
HP102349,East Beach,Townhouse,820,1,1.0,2,22,0,4.7,3,5,7,Semi-Furnished,9223,7563000
HP102350,West End,Apartment,2655,5,4.0,3,20,3,10.7,9,7,7,Unfurnished,6292,16704000
HP102351,West End,Apartment,2136,5,5.0,2,11,3,11.6,3,7,7,Semi-Furnished,7672,16388000
HP102352,Northside,Apartment,1270,2,1.5,3,27,1,9.4,3,10,7,Unfurnished,6253,7941000
HP102353,Northside,Villa,984,3,3.0,2,9,1,4.2,3,7,7,Furnished,9812,9655000
HP102354,West End,Apartment,1828,4,3.0,2,6,2,5.6,5,5,6,Furnished,7507,13722000
HP102355,East Beach,Townhouse,1397,2,1.0,2,8,1,0.5,1,9,8,Semi-Furnished,9044,12634000
HP102356,East Beach,Apartment,1731,4,3.0,2,2,1,6.5,2,8,6,Furnished,7690,13311000
HP102357,West End,Apartment,1959,4,3.0,4,18,3,10.2,4,8,8,Furnished,7131,13970000
HP102358,East Beach,Apartment,1238,2,2.0,2,15,1,6.0,2,9,7,Unfurnished,7038,8713000
HP102359,Northside,Apartment,936,2,1.5,4,17,1,4.6,7,10,6,Semi-Furnished,8029,7515000
HP102360,East Beach,Apartment,1762,3,2.0,3,8,2,5.8,5,6,7,Semi-Furnished,7555,13312000
HP102361,Northside,Independent House,1257,1,1.5,3,11,2,11.9,6,5,6,Unfurnished,6931,8712000
HP102362,Northside,Apartment,1630,3,3.0,2,0,1,6.8,6,8,6,Semi-Furnished,6998,11407000
HP102363,South Suburbs,Villa,811,1,1.5,2,15,1,14.4,5,7,4,Unfurnished,6727,5456000
HP102364,Downtown,Townhouse,1411,4,3.0,4,13,3,4.7,7,7,6,Furnished,10412,14692000
HP102365,Northside,Villa,1943,5,4.0,1,2,3,7.9,6,5,7,Semi-Furnished,8486,16489000
HP102366,Downtown,Independent House,1883,4,3.5,3,11,2,5.3,4,8,8,Furnished,8867,16696000
HP102367,East Beach,Apartment,1116,2,1.5,4,10,2,15.3,1,8,7,Semi-Furnished,8858,9885000
HP102368,Downtown,Apartment,907,1,1.0,3,28,2,7.7,6,7,8,Unfurnished,8786,7969000
HP102369,Downtown,Apartment,1559,3,2.5,1,2,1,15.5,2,5,9,Furnished,7841,12224000
HP102370,Downtown,Townhouse,1859,5,3.0,3,15,2,5.3,6,9,8,Unfurnished,8678,16132000
HP102371,Downtown,Villa,1773,3,2.5,1,2,3,13.1,5,7,8,Unfurnished,7888,13986000
HP102372,South Suburbs,Apartment,1268,1,1.0,4,7,1,7.5,2,9,6,Semi-Furnished,6537,8289000
HP102373,Downtown,Villa,1714,4,3.0,2,14,2,10.3,6,4,7,Semi-Furnished,8316,14254000
HP102374,East Beach,Independent House,2376,6,4.5,2,10,3,2.1,5,7,8,Semi-Furnished,8475,20137000
HP102375,Northside,Independent House,1663,4,3.5,4,12,2,8.4,5,6,6,Unfurnished,8224,13677000
HP102376,South Suburbs,Villa,652,2,1.5,2,15,1,2.7,5,7,7,Semi-Furnished,12840,8372000
HP102377,South Suburbs,Townhouse,1662,4,3.0,1,8,2,8.0,4,8,6,Unfurnished,6492,10789000
HP102378,Downtown,Independent House,2674,5,3.5,4,20,3,0.9,6,8,8,Unfurnished,7866,21035000
HP102379,South Suburbs,Independent House,842,1,1.0,3,9,1,6.6,3,7,5,Semi-Furnished,8911,7503000
HP102380,Northside,Apartment,1566,3,2.0,3,11,2,11.4,3,7,7,Unfurnished,6167,9658000
HP102381,Downtown,Apartment,1426,3,2.5,1,15,1,9.2,6,5,8,Unfurnished,8709,12419000
HP102382,West End,Townhouse,1603,3,2.5,2,14,1,2.1,7,6,7,Semi-Furnished,8790,14090000
HP102383,South Suburbs,Villa,1657,3,2.5,2,18,1,0.5,6,9,5,Semi-Furnished,7226,11973000
HP102384,East Beach,Apartment,2177,4,2.5,2,15,2,9.0,5,6,8,Unfurnished,7598,16541000
HP102385,Downtown,Villa,1597,2,2.5,3,16,1,13.3,1,9,9,Semi-Furnished,9228,14737000
HP102386,South Suburbs,Apartment,2252,6,5.0,1,9,3,3.1,8,8,5,Unfurnished,6341,14280000
HP102387,South Suburbs,Independent House,1485,4,2.5,2,2,2,15.4,1,8,5,Furnished,7373,10949000
HP102388,South Suburbs,Apartment,1357,3,3.0,4,0,2,7.0,6,7,5,Unfurnished,6598,8954000
HP102389,South Suburbs,Independent House,1182,2,2.0,3,0,1,0.5,10,6,4,Unfurnished,8490,10035000
HP102390,South Suburbs,Villa,551,1,1.0,2,28,0,0.8,5,7,5,Semi-Furnished,8211,4524000
HP102391,West End,Apartment,1702,4,3.5,1,0,2,10.1,6,8,7,Unfurnished,8120,13820000
HP102392,Downtown,Apartment,2680,6,4.5,1,23,3,7.5,6,4,8,Unfurnished,7825,20971000
HP102393,Northside,Independent House,1802,2,2.0,2,5,2,12.9,5,9,5,Unfurnished,6446,11615000
HP102394,East Beach,Apartment,1928,4,3.0,1,23,2,2.2,10,6,8,Semi-Furnished,7630,14710000
HP102395,West End,Apartment,1323,3,2.0,1,0,2,7.5,3,7,7,Semi-Furnished,8197,10844000
HP102396,Northside,Independent House,1416,3,1.5,4,10,1,7.0,3,7,6,Semi-Furnished,6992,9900000
HP102397,South Suburbs,Apartment,2092,5,4.0,4,25,3,6.4,4,7,5,Furnished,6010,12573000
HP102398,East Beach,Apartment,2655,6,4.5,3,18,2,5.5,9,5,8,Semi-Furnished,7250,19248000
HP102399,East Beach,Apartment,2368,4,3.5,4,9,3,5.5,4,7,7,Furnished,7432,17598000
HP102400,Northside,Townhouse,1993,4,3.5,2,0,1,7.7,6,8,7,Semi-Furnished,7478,14903000
HP102401,Downtown,Apartment,1569,3,2.0,3,0,2,8.2,7,4,7,Furnished,9009,14135000
HP102402,West End,Apartment,1665,3,3.0,4,25,2,8.0,7,5,7,Semi-Furnished,6656,11082000
HP102403,Northside,Apartment,1136,2,2.0,1,9,0,11.8,7,8,7,Semi-Furnished,6619,7519000
HP102404,West End,Apartment,754,2,2.0,2,11,1,2.2,8,8,7,Unfurnished,11375,8577000
HP102405,East Beach,Apartment,930,2,1.5,1,15,0,0.5,6,7,8,Semi-Furnished,9356,8701000
HP102406,South Suburbs,Apartment,1577,2,2.5,4,0,1,11.1,4,6,6,Unfurnished,6817,10750000
HP102407,East Beach,Apartment,1389,2,1.5,4,16,2,3.2,5,8,7,Semi-Furnished,8140,11306000
HP102408,Northside,Apartment,742,1,1.0,3,8,0,5.5,4,5,6,Unfurnished,7631,5662000
HP102409,West End,Townhouse,1529,2,1.0,3,15,1,4.6,10,7,7,Unfurnished,7145,10924000
HP102410,Downtown,Apartment,1375,3,2.5,2,7,2,4.5,4,5,10,Furnished,9803,13479000
HP102411,West End,Apartment,905,2,1.5,1,0,1,1.2,6,7,6,Semi-Furnished,12166,11010000
HP102412,Downtown,Townhouse,1346,3,2.0,4,8,1,4.7,2,5,9,Semi-Furnished,9160,12329000
HP102413,South Suburbs,Townhouse,1373,2,1.5,4,18,2,9.6,5,8,5,Semi-Furnished,6867,9428000
HP102414,Northside,Independent House,1211,2,1.5,4,16,1,7.0,4,8,6,Semi-Furnished,7637,9248000
HP102415,East Beach,Apartment,2060,5,3.0,2,12,2,9.0,6,6,8,Furnished,8334,17168000
HP102416,West End,Apartment,550,1,1.0,1,20,1,5.0,7,9,8,Semi-Furnished,9045,4975000
HP102417,Northside,Apartment,550,1,1.0,3,10,0,10.6,8,6,6,Semi-Furnished,11455,6300000
HP102418,East Beach,Apartment,1552,3,1.5,1,13,2,5.0,8,7,8,Semi-Furnished,8471,13147000
HP102419,East Beach,Apartment,1603,4,3.5,1,8,1,0.5,5,6,7,Semi-Furnished,8464,13567000
HP102420,West End,Villa,1772,4,4.0,4,21,2,8.3,3,8,6,Semi-Furnished,8036,14239000
HP102421,East Beach,Apartment,1254,3,2.5,4,15,2,10.1,3,8,7,Furnished,8866,11118000
HP102422,Northside,Villa,1045,2,2.5,2,7,1,4.8,6,9,6,Semi-Furnished,8878,9278000
HP102423,Downtown,Apartment,1546,2,1.5,3,0,1,11.8,5,7,8,Semi-Furnished,7439,11501000
HP102424,South Suburbs,Apartment,1307,4,4.0,3,22,1,3.6,6,3,5,Semi-Furnished,7279,9514000
HP102425,East Beach,Independent House,2403,5,3.5,1,5,3,9.7,4,6,9,Semi-Furnished,8012,19253000
HP102426,West End,Townhouse,1372,2,1.0,1,13,1,14.0,8,9,8,Furnished,7726,10600000
HP102427,Downtown,Apartment,1521,4,3.0,2,33,1,7.1,2,7,8,Semi-Furnished,7827,11905000
HP102428,East Beach,Villa,2911,5,4.5,4,19,3,6.1,4,4,7,Semi-Furnished,7625,22196000
HP102429,Northside,Apartment,1443,4,3.5,2,27,1,6.6,3,8,7,Semi-Furnished,6823,9846000
HP102430,East Beach,Apartment,1856,5,3.5,3,7,2,13.5,5,8,8,Semi-Furnished,8533,15838000
HP102431,Downtown,Independent House,1905,3,2.5,1,22,2,8.6,8,6,8,Unfurnished,7967,15177000
HP102432,West End,Apartment,1952,4,3.5,4,12,2,15.6,4,7,7,Semi-Furnished,6463,12616000
HP102433,Downtown,Apartment,1709,4,3.0,4,15,2,8.1,5,6,8,Furnished,8975,15339000
HP102434,East Beach,Villa,1657,5,5.0,2,30,2,4.4,6,8,7,Semi-Furnished,9460,15675000
HP102435,West End,Apartment,1605,3,2.0,1,9,1,4.7,4,7,6,Unfurnished,6787,10893000
HP102436,West End,Apartment,1233,3,3.0,4,12,1,7.2,6,5,7,Semi-Furnished,7923,9769000
HP102437,Northside,Apartment,1729,3,2.5,4,4,1,0.5,6,7,6,Semi-Furnished,7111,12295000
HP102438,Northside,Townhouse,2666,4,3.0,3,20,2,5.1,3,6,6,Unfurnished,5900,15730000
HP102439,South Suburbs,Villa,2216,4,3.0,2,7,2,5.2,4,9,5,Semi-Furnished,7078,15684000
HP102440,Downtown,Apartment,1717,3,3.0,3,21,3,8.0,6,8,7,Semi-Furnished,8139,13975000
HP102441,East Beach,Apartment,2021,3,2.5,2,0,2,14.8,8,7,6,Furnished,7559,15276000
HP102442,Downtown,Villa,1072,2,2.0,3,17,1,7.2,8,7,9,Unfurnished,10318,11061000
HP102443,Downtown,Apartment,1407,3,1.5,4,6,2,0.5,10,9,8,Unfurnished,9289,13070000
HP102444,East Beach,Villa,2071,4,3.5,2,19,1,3.3,6,7,7,Semi-Furnished,7552,15641000
HP102445,West End,Independent House,2368,4,3.0,1,12,3,8.0,4,8,6,Unfurnished,6939,16432000
HP102446,South Suburbs,Apartment,1126,2,1.5,3,7,2,7.4,5,9,5,Semi-Furnished,7554,8506000
HP102447,Northside,Apartment,1284,2,2.0,4,9,2,13.5,5,6,5,Furnished,6824,8762000
HP102448,Northside,Apartment,2750,5,3.5,1,4,3,10.8,4,9,7,Unfurnished,6296,17315000
HP102449,Northside,Apartment,1603,4,3.0,4,20,2,10.7,6,9,6,Semi-Furnished,6599,10578000
HP102450,Downtown,Apartment,2553,5,3.5,2,3,3,6.1,6,7,9,Furnished,8475,21636000
HP102451,South Suburbs,Townhouse,1664,2,1.5,3,10,1,11.4,2,6,6,Semi-Furnished,5773,9607000
HP102452,South Suburbs,Apartment,1685,3,3.5,3,15,1,3.4,7,7,6,Semi-Furnished,6533,11008000
HP102453,Downtown,Villa,1382,3,3.0,1,27,1,10.9,1,7,9,Semi-Furnished,9181,12688000
HP102454,West End,Independent House,2068,5,3.5,1,12,3,5.9,5,6,7,Unfurnished,7628,15774000
HP102455,South Suburbs,Apartment,2297,5,4.5,4,10,2,1.2,8,8,6,Unfurnished,6679,15341000
HP102456,West End,Apartment,981,3,2.0,3,14,0,9.4,6,5,7,Semi-Furnished,8505,8343000
HP102457,South Suburbs,Apartment,1356,3,2.5,3,0,1,12.6,4,6,6,Semi-Furnished,6938,9408000
HP102458,South Suburbs,Independent House,2053,4,3.5,2,1,2,5.4,9,7,5,Unfurnished,6082,12487000
HP102459,West End,Apartment,1479,2,1.0,1,9,1,13.3,4,5,7,Unfurnished,6892,10193000
HP102460,Downtown,Independent House,1279,3,2.5,2,6,2,0.5,1,8,7,Furnished,10342,13228000
HP102461,East Beach,Townhouse,2105,3,2.0,3,0,3,2.2,6,7,8,Unfurnished,8138,17130000
HP102462,East Beach,Independent House,2157,4,3.0,3,20,3,6.4,1,9,7,Semi-Furnished,7434,16036000
HP102463,West End,Townhouse,1303,4,3.5,2,14,1,5.5,3,7,6,Semi-Furnished,9431,12288000
HP102464,West End,Independent House,1667,3,2.5,1,13,2,4.3,6,6,6,Semi-Furnished,6641,11071000
HP102465,West End,Townhouse,885,1,1.0,1,6,2,7.5,4,6,7,Unfurnished,9868,8733000
HP102466,Downtown,Independent House,1057,2,2.0,4,13,1,4.9,6,7,8,Unfurnished,10403,10996000
HP102467,East Beach,Independent House,1618,3,2.5,3,17,2,5.6,2,7,9,Semi-Furnished,7775,12580000
HP102468,Northside,Independent House,1567,2,1.5,4,10,3,8.1,7,8,7,Semi-Furnished,8351,13086000
HP102469,Downtown,Townhouse,1018,3,2.5,1,16,1,4.3,1,7,8,Unfurnished,10333,10519000
HP102470,East Beach,Villa,1156,3,3.0,2,5,1,6.6,8,10,6,Semi-Furnished,9470,10947000
HP102471,South Suburbs,Independent House,964,2,2.0,2,13,0,4.4,4,8,4,Semi-Furnished,7424,7157000
HP102472,Downtown,Villa,1800,3,2.0,2,22,2,2.2,8,6,7,Unfurnished,8639,15550000
HP102473,West End,Townhouse,550,1,1.0,2,23,1,10.1,3,5,6,Semi-Furnished,10542,5798000
HP102474,East Beach,Apartment,994,3,2.0,1,24,1,13.8,9,8,8,Unfurnished,8536,8485000
HP102475,Downtown,Independent House,550,1,1.0,1,15,2,11.3,3,5,8,Semi-Furnished,8880,4884000
HP102476,West End,Independent House,1780,1,1.0,4,12,2,8.3,1,8,7,Unfurnished,7257,12917000
HP102477,West End,Townhouse,558,3,2.0,2,8,0,4.4,5,8,6,Semi-Furnished,13738,7666000
HP102478,Downtown,Apartment,1567,3,2.5,1,0,1,5.9,8,8,8,Semi-Furnished,8355,13093000
HP102479,Downtown,Independent House,2452,5,3.5,2,0,3,11.2,7,6,7,Semi-Furnished,8481,20795000
HP102480,Downtown,Independent House,2470,5,3.5,4,10,2,0.5,8,8,8,Semi-Furnished,8749,21611000
HP102481,Northside,Townhouse,557,1,1.5,2,11,0,5.5,7,7,7,Furnished,11406,6353000
HP102482,South Suburbs,Townhouse,1714,4,3.5,4,25,2,9.9,3,6,5,Semi-Furnished,5581,9566000
HP102483,Downtown,Villa,1006,2,1.0,1,24,1,2.4,7,7,8,Furnished,10275,10337000
HP102484,East Beach,Villa,894,1,1.0,1,6,1,8.7,5,8,6,Unfurnished,9767,8732000
HP102485,East Beach,Apartment,1488,3,1.5,3,19,1,8.5,3,6,6,Semi-Furnished,7428,11053000
HP102486,East Beach,Townhouse,2226,5,3.0,3,8,2,1.2,5,7,8,Unfurnished,8323,18526000
HP102487,East Beach,Apartment,1880,3,2.0,4,18,2,7.3,5,9,8,Semi-Furnished,6962,13089000
HP102488,Downtown,Independent House,1157,2,2.0,2,19,1,4.5,8,8,8,Semi-Furnished,10129,11719000
HP102489,West End,Independent House,1938,5,3.5,1,23,2,8.7,4,7,8,Furnished,7832,15178000
HP102490,East Beach,Apartment,550,1,1.0,3,8,0,9.7,4,7,6,Semi-Furnished,10531,5792000
HP102491,East Beach,Apartment,1136,2,1.5,2,21,1,8.6,3,6,7,Semi-Furnished,7477,8494000
HP102492,East Beach,Apartment,1097,2,1.5,1,0,1,7.3,9,6,8,Unfurnished,10150,11135000
HP102493,South Suburbs,Townhouse,1593,3,2.0,1,24,2,8.2,4,5,6,Unfurnished,6214,9899000
HP102494,Northside,Villa,1438,2,2.5,3,12,2,2.3,8,7,6,Furnished,8056,11585000
HP102495,West End,Apartment,1472,2,1.5,3,12,2,6.9,3,8,6,Unfurnished,6920,10186000
HP102496,East Beach,Independent House,1454,3,2.5,1,0,2,3.8,6,7,8,Unfurnished,9829,14291000
HP102497,South Suburbs,Apartment,1562,3,2.0,3,9,2,11.1,6,6,5,Furnished,6754,10550000
HP102498,South Suburbs,Townhouse,1847,4,3.5,4,24,2,9.7,8,7,5,Furnished,5936,10963000
HP102499,Downtown,Apartment,1632,4,3.5,4,8,2,9.7,7,9,8,Semi-Furnished,8830,14410000
HP102500,South Suburbs,Apartment,1394,4,4.0,2,18,2,13.9,5,8,5,Semi-Furnished,6734,9387000
